company_name,invested_company_name
国泰君安期货有限公司,证通股份有限公司
中国医药健康产业股份有限公司,中国医疗器械技术服务有限公司
中国医药健康产业股份有限公司,中国医药保健品有限公司
中国医药健康产业股份有限公司,浙江阿童木医药有限公司
中国医药健康产业股份有限公司,武汉鑫益投资有限公司
中国医药健康产业股份有限公司,河南天方药业股份有限公司
中国医药健康产业股份有限公司,中国医药黑龙江有限公司
中国医药健康产业股份有限公司,美康九州医药有限公司
通用技术集团医药控股有限公司,中国医药健康产业股份有限公司
雅戈尔集团股份有限公司,创业慧康科技股份有限公司
雅戈尔集团股份有限公司,宁波银行股份有限公司
上海兴海投资发展有限公司,旗天科技集团股份有限公司
广东省广晟资产经营有限公司,东江环保股份有限公司
广东省广晟资产经营有限公司,深圳市中金岭南有色金属股份有限公司
广东省广晟资产经营有限公司,广晟有色金属股份有限公司
广东省广晟资产经营有限公司,广东风华高新科技股份有限公司
广东省广晟资产经营有限公司,广东省广晟集团
深圳华强集团有限公司,深圳华强实业股份有限公司
深圳华强集团有限公司,芜湖市华强旅游城投资开发有限公司
深圳华强集团有限公司,深圳华强彩电有限公司
山东金洲矿业集团有限公司,山东黄金矿业股份有限公司
广东鸿图科技股份有限公司,广东盛图投资有限公司
中国核工业建设股份有限公司,国华军民融合产业发展基金管理有限公司
恒生电子股份有限公司,中证信用增进股份有限公司
恒生电子股份有限公司,重庆水务集团股份有限公司
苏州新区高新技术产业股份有限公司,华泰柏瑞基金管理有限公司
山东黄金有色矿业集团有限公司,山东黄金矿业股份有限公司
东北证券股份有限公司,观典防务技术股份有限公司
东北证券股份有限公司,北京约顿气膜建筑技术股份有限公司
东北证券股份有限公司,有友食品股份有限公司
东北证券股份有限公司,中证机构间报价系统股份有限公司
东北证券股份有限公司,海信家电集团股份有限公司
东北证券股份有限公司,浙江华峰氨纶股份有限公司
北京东易天正投资有限公司,东易日盛家居装饰集团股份有限公司
广东因赛品牌营销集团股份有限公司,广州橙盟整合营销传播有限公司
广东因赛品牌营销集团股份有限公司,广东因赛数字营销有限公司
广东因赛品牌营销集团股份有限公司,广东摄众媒体有限公司
上海陆家嘴金融贸易区开发股份有限公司,中国光大银行股份有限公司
上海陆家嘴金融贸易区开发股份有限公司,国泰君安证券股份有限公司
南京钢铁联合有限公司,华泰证券股份有限公司
北京蓝色光标数据科技股份有限公司,北京比邻弘科科技有限公司
浙江中国小商品城集团股份有限公司,申万宏源集团股份有限公司
广西梧州中恒集团股份有限公司,国海证券股份有限公司
上海空间电源研究所,上海航天电源技术有限责任公司
上海空间电源研究所,上海太阳能科技有限公司
甘肃祁连山建材控股有限公司,甘肃祁连山水泥集团股份有限公司
洛阳城市发展投资集团有限公司,中航光电科技股份有限公司
洛阳城市发展投资集团有限公司,中信重工机械股份有限公司
深圳市广晟投资发展有限公司,佛山电器照明股份有限公司
深圳市广晟投资发展有限公司,广东风华高新科技股份有限公司
深圳市广晟投资发展有限公司,深圳市中金岭南有色金属股份有限公司
深圳市广晟投资发展有限公司,广东省广晟集团
深圳市广晟投资发展有限公司,佛山电器照明股份有限公司
深圳船舶工业贸易公司,国泰君安证券股份有限公司
东方明珠新媒体股份有限公司,北京歌华有线电视网络股份有限公司
中国建设银行股份有限公司,中国航发动力控制股份有限公司
中国建设银行股份有限公司,中信银行股份有限公司
中国建设银行股份有限公司,中信银行股份有限公司
泸州老窖股份有限公司,北方化学工业股份有限公司
泸州老窖股份有限公司,国泰君安证券股份有限公司
上海申能新能源投资有限公司,上海太阳能科技有限公司
国泰君安证券股份有限公司,国泰君安创新投资有限公司
国泰君安证券股份有限公司,上海证券交易所
国泰君安证券股份有限公司,云南一乘驾驶培训股份有限公司
国泰君安证券股份有限公司,内蒙古骑士乳业集团股份有限公司
国泰君安证券股份有限公司,江苏宁沪高速公路股份有限公司
国泰君安证券股份有限公司,中国建筑股份有限公司
国泰君安证券股份有限公司,北京聚能鼎力科技股份有限公司
国泰君安证券股份有限公司,中国石油化工股份有限公司
国泰君安证券股份有限公司,中华企业咨询有限责任公司
国泰君安证券股份有限公司,国泰君安证裕投资有限公司
国泰君安证券股份有限公司,上海证券有限责任公司
国泰君安证券股份有限公司,安琪酵母股份有限公司
国泰君安证券股份有限公司,广东嘉达早教科技股份有限公司
国泰君安证券股份有限公司,天地壹号饮料股份有限公司
国泰君安证券股份有限公司,浙江中泰环保股份有限公司
国泰君安证券股份有限公司,证通股份有限公司
国泰君安证券股份有限公司,上海杰易森股份有限公司
国泰君安证券股份有限公司,中证机构间报价系统股份有限公司
国泰君安证券股份有限公司,国泰君安期货有限公司
国泰君安证券股份有限公司,云南杨丽萍文化传播股份有限公司
国泰君安证券股份有限公司,华安基金管理有限公司
国泰君安证券股份有限公司,广东省高速公路发展股份有限公司
国泰君安证券股份有限公司,中国石化上海石油化工股份有限公司
国泰君安证券股份有限公司,江苏宁沪高速公路股份有限公司
国泰君安证券股份有限公司,江苏宁沪高速公路股份有限公司
国泰君安证券股份有限公司,云南海潮集团听牧肉牛产业股份有限公司
国泰君安证券股份有限公司,湖北济川药业股份有限公司
国泰君安证券股份有限公司,吉林省艾斯克机电股份有限公司
国泰君安证券股份有限公司,中密控股股份有限公司
国泰君安证券股份有限公司,黄山旅游发展股份有限公司
国泰君安证券股份有限公司,黄山旅游发展股份有限公司
国泰君安证券股份有限公司,南方风机股份有限公司
国泰君安证券股份有限公司,中国邮政储蓄银行股份有限公司
国泰君安证券股份有限公司,安徽省天然气开发股份有限公司
国泰君安证券股份有限公司,中证信用增进股份有限公司
国泰君安证券股份有限公司,上海国泰君安证券资产管理有限公司
国泰君安证券股份有限公司,陕西航天长城股份有限公司
河北承德露露股份有限公司,郑州露露饮料有限公司
河北承德露露股份有限公司,廊坊露露饮料有限公司
河北承德露露股份有限公司,承德银行股份有限公司
河北承德露露股份有限公司,霖霖集团有限责任公司
美的控股有限公司,美的集团股份有限公司
申能股份有限公司,海通证券股份有限公司
申能股份有限公司,北京京能电力股份有限公司
申能股份有限公司,华电国际电力股份有限公司
申能股份有限公司,上海申能新能源投资有限公司
中信投资控股有限公司,中信重工机械股份有限公司
中信投资控股有限公司,中信出版集团股份有限公司
南阳市金坤光电仪器有限责任公司,中光学集团股份有限公司
江西铜业股份有限公司,山东恒邦冶炼股份有限公司
中国医药保健品有限公司,中国医疗器械技术服务有限公司
宝安金饰品服务公司,国泰君安证券股份有限公司
国泰君安投资管理股份有限公司,旷达科技集团股份有限公司
天津经济技术开发区工业投资公司,国泰君安证券股份有限公司
江苏华西村股份有限公司,华泰证券股份有限公司
湖南长高高压开关集团股份公司,长沙银行股份有限公司
湖南长高高压开关集团股份公司,湖北省华网电力工程有限公司
湖南长高高压开关集团股份公司,杭州富特科技股份有限公司
湖南长高高压开关集团股份公司,湖南长高新能源电力有限公司
上海世茂股份有限公司,海通证券股份有限公司
陕西省国际信托股份有限公司,西部证券股份有限公司
陕西省国际信托股份有限公司,广东风华高新科技股份有限公司
华夏证券股份有限公司,中华企业咨询有限责任公司
深圳市中金岭南有色金属股份有限公司,深圳市有色金属财务有限公司
深圳市中金岭南有色金属股份有限公司,深圳市中金高能电池材料有限公司
深圳市中金岭南有色金属股份有限公司,北京安泰科信息股份有限公司
深圳市中金岭南有色金属股份有限公司,广东省广晟集团
深圳市中金岭南有色金属股份有限公司,广东韶关市中金岭南金属材料有限公司
深圳市中金岭南有色金属股份有限公司,深圳市康发实业发展有限公司
深圳市中金岭南有色金属股份有限公司,中国有色金属进出口深圳公司
深圳市中金岭南有色金属股份有限公司,广州华立颜料化工有限公司
深圳市中金岭南有色金属股份有限公司,深圳华加日铝业有限公司
深圳市中金岭南有色金属股份有限公司,深圳市金鹰出租汽车有限公司
小米科技有限责任公司,美的集团股份有限公司
航天信息股份有限公司,航天云网科技发展有限责任公司
中国石化集团金陵石油化工有限责任公司,国泰君安证券股份有限公司
中光学集团股份有限公司,河南中光学集团有限公司
中国石化上海石油化工股份有限公司,海通证券股份有限公司
中国石化上海石油化工股份有限公司,国泰君安证券股份有限公司
中国空间技术研究院,航天时代置业发展有限公司
中国空间技术研究院,航天神舟智慧系统技术有限公司
中国空间技术研究院,北京航天时代天盛物业管理有限公司
中国空间技术研究院,中国东方红卫星股份有限公司
中国空间技术研究院,航天投资控股有限公司
中国空间技术研究院,北京康拓红外技术股份有限公司
中国空间技术研究院,中国卫通集团股份有限公司
太平人寿保险有限公司,重庆市涪陵榨菜集团股份有限公司
太平人寿保险有限公司,中信出版集团股份有限公司
太平人寿保险有限公司,上海元祖梦果子股份有限公司
太平人寿保险有限公司,徐工集团工程机械股份有限公司
新疆昌吉金汇实业发展公司,中粮屯河糖业股份有限公司
棕榈生态城镇发展股份有限公司,广州棕榈资产管理有限公司
棕榈生态城镇发展股份有限公司,上海云垚资产管理有限公司
棕榈生态城镇发展股份有限公司,浙江新中源建设有限公司
棕榈生态城镇发展股份有限公司,横琴棕榈并购基金管理有限公司
棕榈生态城镇发展股份有限公司,福建棕榈城镇发展有限公司
棕榈生态城镇发展股份有限公司,棕榈幸福家科技有限公司
棕榈生态城镇发展股份有限公司,北京乐客灵境科技有限公司
棕榈生态城镇发展股份有限公司,棕榈盛城投资有限公司
棕榈生态城镇发展股份有限公司,四川七彩林科股份有限公司
国家电力公司,国泰君安证券股份有限公司
中国兵器装备集团有限公司,国家军民融合产业投资基金有限责任公司
中国兵器装备集团有限公司,中光学集团股份有限公司
中国兵器装备集团有限公司,重庆长安汽车股份有限公司
中国兵器装备集团有限公司,南方工业资产管理有限责任公司
冠城大通股份有限公司,兴业证券股份有限公司
广州御银科技股份有限公司,中信建投证券股份有限公司
广州御银科技股份有限公司,中信建投证券股份有限公司
苏宁易购集团股份有限公司,华泰证券股份有限公司
中信重工机械股份有限公司,中信重工机械有限责任公司
安徽皖投工业投资有限公司,融捷健康科技股份有限公司
中开金资产管理有限公司,上海航天汽车机电股份有限公司
富邦资产管理有限公司,华泰证券股份有限公司
冀中能源股份有限公司,华北制药股份有限公司
中国中材股份有限公司,北京金隅集团股份有限公司
中国中材股份有限公司,新疆天山水泥股份有限公司
中国中材股份有限公司,中国中材国际工程股份有限公司
中国中材股份有限公司,宁夏建材集团股份有限公司
中国中材股份有限公司,甘肃祁连山水泥集团股份有限公司
卓傲国际有限公司,上海元祖梦果子股份有限公司
盈富泰克创业投资有限公司,北京东方通科技股份有限公司
盈富泰克创业投资有限公司,广州广电运通金融电子股份有限公司
盈富泰克创业投资有限公司,北京君正集成电路股份有限公司
北京金隅集团股份有限公司,唐山冀东水泥股份有限公司
中国国有企业结构调整基金股份有限公司,北方化学工业股份有限公司
中国国有企业结构调整基金股份有限公司,上海电力股份有限公司
中国国有企业结构调整基金股份有限公司,中信建投证券股份有限公司
中国国有企业结构调整基金股份有限公司,中国船舶重工股份有限公司
中国国有企业结构调整基金股份有限公司,华泰证券股份有限公司
中国国有企业结构调整基金股份有限公司,国电南瑞科技股份有限公司
中国国有企业结构调整基金股份有限公司,中信建投证券股份有限公司
中国国有企业结构调整基金股份有限公司,中远海运控股股份有限公司
中国国有企业结构调整基金股份有限公司,中粮资本控股股份有限公司
中国国有企业结构调整基金股份有限公司,中国南方航空股份有限公司
中国国有企业结构调整基金股份有限公司,富士康工业互联网股份有限公司
中国国有企业结构调整基金股份有限公司,中国东方航空股份有限公司
中国国有企业结构调整基金股份有限公司,中国中铁股份有限公司
中国国有企业结构调整基金股份有限公司,中信建投证券股份有限公司
中国国有企业结构调整基金股份有限公司,中国南方航空股份有限公司
中国国有企业结构调整基金股份有限公司,物产中大集团股份有限公司
中国国有企业结构调整基金股份有限公司,中国船舶工业股份有限公司
上海稼大禾贸易有限公司,上海元祖梦果子股份有限公司
中国航空工业集团有限公司,中国航空发动机集团有限公司
中国航空工业集团有限公司,中国航发西安航空发动机有限公司
中国航空工业集团有限公司,国家军民融合产业投资基金有限责任公司
中国航空工业集团有限公司,中国航发动力股份有限公司
中国航空工业集团有限公司,中航航空电子系统股份有限公司
中国航空工业集团有限公司,中航资本控股股份有限公司
中国航空工业集团有限公司,中航工业机电系统股份有限公司
中国航空工业集团有限公司,中航飞机股份有限公司
山东永兴集团有限公司,国泰君安证券股份有限公司
安徽安粮控股股份有限公司,棕榈生态城镇发展股份有限公司
上海复星产业投资有限公司,海南矿业股份有限公司
中国铁道建筑总公司,国泰君安证券股份有限公司
中国铁道建筑总公司,中国铁建股份有限公司
石河子弘新投资有限公司,上海顺灏新材料科技股份有限公司
山东富华实业有限公司,国泰君安证券股份有限公司
万联证券股份有限公司,中信建投证券股份有限公司
万联证券股份有限公司,中证机构间报价系统股份有限公司
天津市长芦实业开发公司,国泰君安证券股份有限公司
天津市长芦实业开发公司,国泰君安投资管理股份有限公司
华域汽车系统股份有限公司,兴业证券股份有限公司
黑龙江国中水务股份有限公司,深圳市前海国中环保投资发展有限公司
黑龙江国中水务股份有限公司,湖南国中水务投资有限公司
黑龙江国中水务股份有限公司,上海石鼎新能源科技有限公司
中国铁路投资有限公司,富士康工业互联网股份有限公司
常州投资集团有限公司,软控股份有限公司
常州投资集团有限公司,海南矿业股份有限公司
常州投资集团有限公司,常柴股份有限公司
常州投资集团有限公司,东莞宜安科技股份有限公司
常州投资集团有限公司,浙江海正药业股份有限公司
山东黄金集团青岛黄金有限公司,山东黄金矿业股份有限公司
光大证券股份有限公司,广东嘉达早教科技股份有限公司
光大证券股份有限公司,中证信用增进股份有限公司
航天科工资产管理有限公司,航天云网科技发展有限责任公司
航天科工资产管理有限公司,航天晨光股份有限公司
广发证券股份有限公司,吉林敖东药业集团股份有限公司
广发证券股份有限公司,深圳市锦瑞新材料股份有限公司
广发证券股份有限公司,北京鼎汉技术集团股份有限公司
广发证券股份有限公司,北京顺鑫农业股份有限公司
广发证券股份有限公司,天地壹号饮料股份有限公司
广发证券股份有限公司,证通股份有限公司
广发证券股份有限公司,中证机构间报价系统股份有限公司
广发证券股份有限公司,广东省高速公路发展股份有限公司
广发证券股份有限公司,北京国联视讯信息技术股份有限公司
广发证券股份有限公司,深圳市铂科新材料股份有限公司
广发证券股份有限公司,深圳市锐明技术股份有限公司
广发证券股份有限公司,松德智慧装备股份有限公司
广发证券股份有限公司,广东省高速公路发展股份有限公司
广发证券股份有限公司,中证信用增进股份有限公司
上海氯碱化工股份有限公司,海通证券股份有限公司
汉富控股有限公司,中开金资产管理有限公司
江苏省对外经贸股份有限公司,华泰证券股份有限公司
国信证券股份有限公司,山东阳谷华泰化工股份有限公司
国信证券股份有限公司,天地壹号饮料股份有限公司
国信证券股份有限公司,方大特钢科技股份有限公司
国信证券股份有限公司,广东依顿电子科技股份有限公司
国信证券股份有限公司,证通股份有限公司
国信证券股份有限公司,北京欧迅体育文化股份有限公司
国信证券股份有限公司,中证机构间报价系统股份有限公司
国信证券股份有限公司,广东依顿电子科技股份有限公司
国信证券股份有限公司,云南海潮集团听牧肉牛产业股份有限公司
国信证券股份有限公司,腾邦国际商业服务集团股份有限公司
国信证券股份有限公司,云南杨丽萍文化传播股份有限公司
国信证券股份有限公司,深圳市广和通无线股份有限公司
国信证券股份有限公司,中证信用增进股份有限公司
云南白药集团股份有限公司,红塔证券股份有限公司
北京金自天正智能控制股份有限公司,钢研大慧投资有限公司
上海航天实业有限公司,海通证券股份有限公司
上海航天实业有限公司,航天信息股份有限公司
四川金舵投资有限责任公司,浙江古越龙山绍兴酒股份有限公司
四川金舵投资有限责任公司,富士康工业互联网股份有限公司
深圳能源集团股份有限公司,国泰君安证券股份有限公司
北京证券有限责任公司,国泰君安证券股份有限公司
深圳市机场股份有限公司,国泰君安证券股份有限公司
江苏天氏创业投资有限公司,融捷健康科技股份有限公司
东易日盛家居装饰集团股份有限公司,北京比邻弘科科技有限公司
东易日盛家居装饰集团股份有限公司,文景易盛投资有限公司
东易日盛家居装饰集团股份有限公司,北京欣邑东方室内设计有限公司
新华人寿保险股份有限公司,中航工业机电系统股份有限公司
通用天方药业集团有限公司,中国医药健康产业股份有限公司
通用天方药业集团有限公司,河南天方药业股份有限公司
深圳市招广投资有限公司,顺丰控股股份有限公司
深圳市招广投资有限公司,顺丰控股股份有限公司
深圳市招广投资有限公司,顺丰控股股份有限公司
深圳市招广投资有限公司,顺丰控股股份有限公司
深圳市招广投资有限公司,顺丰控股股份有限公司
中国运载火箭技术研究院,北京航天时代天盛物业管理有限公司
中国运载火箭技术研究院,方正证券股份有限公司
重庆正川投资管理有限公司,重庆正川医药包装材料股份有限公司
上海城投控股股份有限公司,西部证券股份有限公司
深圳市农产品集团股份有限公司,深圳市深粮控股股份有限公司
中原资产管理有限公司,顺丰控股股份有限公司
中原资产管理有限公司,顺丰控股股份有限公司
中原资产管理有限公司,顺丰控股股份有限公司
中原资产管理有限公司,顺丰控股股份有限公司
太平洋证券股份有限公司,骆驼集团股份有限公司
太平洋证券股份有限公司,中储发展股份有限公司
太平洋证券股份有限公司,云南海潮集团听牧肉牛产业股份有限公司
太平洋证券股份有限公司,中证机构间报价系统股份有限公司
中国进出口银行,航天投资控股有限公司
上海证券有限责任公司,吉林省艾斯克机电股份有限公司
天齐锂业股份有限公司,上海航天电源技术有限责任公司
中信建投证券股份有限公司,北京欧迅体育文化股份有限公司
中信建投证券股份有限公司,上海花嫁丽舍婚庆股份有限公司
中信建投证券股份有限公司,北京约顿气膜建筑技术股份有限公司
中信建投证券股份有限公司,北京宣爱智能模拟技术股份有限公司
中信建投证券股份有限公司,山东博安智能科技股份有限公司
南京钢铁集团有限公司,国泰君安证券股份有限公司
南京钢铁集团有限公司,华夏证券股份有限公司
佳昭控股有限公司,美的集团股份有限公司
北京盛达振兴实业有限公司,盛达金属资源股份有限公司
中国中信有限公司,中信银行股份有限公司
中国中信有限公司,中信证券股份有限公司
中国中信有限公司,中信出版集团股份有限公司
中国中信有限公司,中信投资控股有限公司
中国中信有限公司,中信重工机械股份有限公司
中国中信有限公司,中信银行股份有限公司
福建南平太阳电缆股份有限公司,兴业证券股份有限公司
广州振华投资有限公司,国泰君安证券股份有限公司
盛达金属资源股份有限公司,内蒙古金山矿业有限公司
天津津美集团公司,海南大邱庄津美实业贸易开发总公司
天津津美集团公司,天津市瑞博物资有限公司
天津津美集团公司,天津峰利电梯轨有限公司
天津津美集团公司,天津津美胜达工业有限公司
天津津美集团公司,天津津美宏林工业有限公司
天津津美集团公司,天津津美津亚工业有限公司
天津津美集团公司,天津津美宏林工业有限公司
天津津美集团公司,天津市大邱庄夏竹大酒店
天津津美集团公司,天津市瑞博物资有限公司
天津津美集团公司,国泰君安证券股份有限公司
天津津美集团公司,国泰君安投资管理股份有限公司
中央汇金投资有限责任公司,中国光大银行股份有限公司
中央汇金投资有限责任公司,新华人寿保险股份有限公司
中央汇金投资有限责任公司,天津创业环保集团股份有限公司
中央汇金投资有限责任公司,申万宏源集团股份有限公司
中央汇金投资有限责任公司,中信建投证券股份有限公司
中央汇金投资有限责任公司,中信建投证券股份有限公司
中央汇金投资有限责任公司,中国农业银行股份有限公司
中央汇金投资有限责任公司,国泰君安证券股份有限公司
中央汇金投资有限责任公司,中国建设银行股份有限公司
中央汇金投资有限责任公司,中国工商银行股份有限公司
中央汇金投资有限责任公司,中信建投证券股份有限公司
中央汇金投资有限责任公司,中国工商银行股份有限公司
中央汇金投资有限责任公司,中国银行股份有限公司
上海国际集团有限公司,上海国有资产经营有限公司
上海国际集团有限公司,上海证券有限责任公司
上海国际集团有限公司,国泰君安证券股份有限公司
中国乐凯集团有限公司,包头东宝生物技术股份有限公司
中国乐凯集团有限公司,航天投资控股有限公司
中国乐凯集团有限公司,乐凯华光印刷科技有限公司
山西证券股份有限公司,上海安硕信息技术股份有限公司
山西证券股份有限公司,证通股份有限公司
山西证券股份有限公司,海洋王照明科技股份有限公司
山西证券股份有限公司,青海金瑞矿业发展股份有限公司
中国航天科技集团有限公司,中国航天时代电子有限公司
中国航天科技集团有限公司,航天时代置业发展有限公司
中国航天科技集团有限公司,北京航天时代天盛物业管理有限公司
中国航天科技集团有限公司,航天投资控股有限公司
中国航天科技集团有限公司,中国长城工业集团有限公司
中国航天科技集团有限公司,中国卫通集团股份有限公司
中色资产管理有限公司,华夏证券股份有限公司
中色资产管理有限公司,国泰君安证券股份有限公司
中国高科集团股份有限公司,国泰君安证券股份有限公司
中国高科集团股份有限公司,国泰君安投资管理股份有限公司
中国航空发动机集团有限公司,中国航发资产管理有限公司
中国航空发动机集团有限公司,国家军民融合产业投资基金有限责任公司
中国航空发动机集团有限公司,中国航发动力股份有限公司
中国航空发动机集团有限公司,中国航发西安航空发动机有限公司
兴业证券股份有限公司,湖北福星科技股份有限公司
兴业证券股份有限公司,山东鲁阳节能材料股份有限公司
兴业证券股份有限公司,国电南瑞科技股份有限公司
兴业证券股份有限公司,安琪酵母股份有限公司
兴业证券股份有限公司,证通股份有限公司
兴业证券股份有限公司,环旭电子股份有限公司
兴业证券股份有限公司,上海良信电器股份有限公司
兴业证券股份有限公司,中证信用增进股份有限公司
国海证券股份有限公司,北京国联视讯信息技术股份有限公司
国海证券股份有限公司,证通股份有限公司
安徽华茂纺织股份有限公司,国泰君安证券股份有限公司
汇天泽投资有限公司,甘肃祁连山水泥集团股份有限公司
汇天泽投资有限公司,中国巨石股份有限公司
汇天泽投资有限公司,云南临沧鑫圆锗业股份有限公司
汇天泽投资有限公司,昆药集团股份有限公司
汇天泽投资有限公司,江苏华西村股份有限公司
杭州金创投资有限公司,杭州老板电器股份有限公司
江西长运集团有限公司,国泰君安证券股份有限公司
天津峰火商贸有限公司,湖南长高高压开关集团股份公司
江苏高科技投资集团有限公司,华泰证券股份有限公司
江苏高科技投资集团有限公司,江苏秀强玻璃工艺股份有限公司
四维高景卫星遥感有限公司,航天投资控股有限公司
国网上海市电力公司,海通证券股份有限公司
国网上海市电力公司,国泰君安证券股份有限公司
国网上海市电力公司,国网英大股份有限公司
山东黄金集团有限公司,山东黄金集团青岛黄金有限公司
山东黄金集团有限公司,山东黄金矿业股份有限公司
山东黄金集团有限公司,山东黄金有色矿业集团有限公司
山东黄金集团有限公司,山金金控资本管理有限公司
上海汽车集团股份有限公司,华域汽车系统股份有限公司
江苏金盛实业投资有限公司,华泰证券股份有限公司
上海兰生股份有限公司,海通证券股份有限公司
西藏腾云投资管理有限公司,中信建投证券股份有限公司
西藏腾云投资管理有限公司,中信建投证券股份有限公司
西藏腾云投资管理有限公司,中信建投证券股份有限公司
上海银行股份有限公司,国泰君安证券股份有限公司
上海银行股份有限公司,国泰君安投资管理股份有限公司
湖北福星科技股份有限公司,北京晓程科技股份有限公司
江苏宁沪高速公路股份有限公司,上海中交海德交通科技股份有限公司
江苏宁沪高速公路股份有限公司,江苏银行股份有限公司
广州广电运通金融电子股份有限公司,广州市龙源环保科技有限公司
广州广电运通金融电子股份有限公司,广州支点创业投资有限公司
广州广电运通金融电子股份有限公司,江苏汇通金融数据股份有限公司
广州广电运通金融电子股份有限公司,广州广电银通安保投资有限公司
中国航天时代电子有限公司,航天时代置业发展有限公司
中国航天时代电子有限公司,北京航天时代天盛物业管理有限公司
中国航天时代电子有限公司,航天投资控股有限公司
深圳长城开发科技股份有限公司,东莞捷荣技术股份有限公司
国元证券股份有限公司,证通股份有限公司
国元证券股份有限公司,开滦能源化工股份有限公司
国元证券股份有限公司,中证信用增进股份有限公司
甘肃祁连山水泥集团股份有限公司,文县祁连山水泥有限公司
甘肃祁连山水泥集团股份有限公司,漳县祁连山水泥有限公司
甘肃祁连山水泥集团股份有限公司,兰州红古祁连山水泥股份有限公司
甘肃祁连山水泥集团股份有限公司,成县祁连山水泥有限公司
杭州老板电器股份有限公司,上海庆科信息技术有限公司
杭州老板电器股份有限公司,北京老板电器销售有限公司
国家集成电路产业投资基金股份有限公司,北方华创科技集团股份有限公司
国家集成电路产业投资基金股份有限公司,北京赛微电子股份有限公司
国家集成电路产业投资基金股份有限公司,苏州晶方半导体科技股份有限公司
国家集成电路产业投资基金股份有限公司,江苏长电科技股份有限公司
国家集成电路产业投资基金股份有限公司,三安光电股份有限公司
中华企业股份有限公司,国泰君安证券股份有限公司
西子联合控股有限公司,北京钢研高纳科技股份有限公司
中国人民财产保险股份有限公司,华夏银行股份有限公司
中国人民财产保险股份有限公司,中国银河证券股份有限公司
中国人民财产保险股份有限公司,航天投资控股有限公司
中国人民财产保险股份有限公司,湖北兴发化工集团股份有限公司
中国人民财产保险股份有限公司,中国船舶工业股份有限公司
南京高科股份有限公司,厦门钨业股份有限公司
南京高科股份有限公司,南京银行股份有限公司
太仓德丰五金制品有限公司,上海元祖梦果子股份有限公司
海南矿业股份有限公司,海南星之海基金管理有限公司
北京德恒投资管理有限责任公司,旗天科技集团股份有限公司
贵州赤天化集团有限责任公司,华泰证券股份有限公司
北京赛微电子股份有限公司,北京微芯科技有限公司
北京赛微电子股份有限公司,北京耐威时代科技有限公司
苏州市大元置业有限公司,融捷健康科技股份有限公司
上海梅山联合经济发展有限公司,国泰君安证券股份有限公司
上海梅山联合经济发展有限公司,上海市工业系统房地产联合总公司
上海大东海建筑工程有限公司,云南西仪工业股份有限公司
广州市新世纪集团有限公司,国泰君安证券股份有限公司
中国航发贵州黎阳航空发动机有限公司,中国航发动力股份有限公司
潍柴动力股份有限公司,北汽福田汽车股份有限公司
信达投资有限公司,航天投资控股有限公司
信达投资有限公司,中原资产管理有限公司
信达投资有限公司,信达地产股份有限公司
中国宝武钢铁集团有限公司,国泰君安证券股份有限公司
中国宝武钢铁集团有限公司,宝山钢铁股份有限公司
中国宝武钢铁集团有限公司,新华人寿保险股份有限公司
陕西航空产业发展集团有限公司,中国航发动力股份有限公司
上海丽华投资发展有限公司,国泰君安证券股份有限公司
天津农垦宏益联投资有限公司,中粮屯河糖业股份有限公司
海南海钢集团有限公司,海南矿业股份有限公司
中国航空技术上海有限公司,国泰君安证券股份有限公司
航天投资控股有限公司,航天融资租赁有限公司
航天投资控股有限公司,国家军民融合产业投资基金有限责任公司
航天投资控股有限公司,上海航天汽车机电股份有限公司
航天投资控股有限公司,航天彩虹无人机股份有限公司
航天投资控股有限公司,国创基金管理有限公司
航天投资控股有限公司,北京康拓红外技术股份有限公司
航天投资控股有限公司,航天神舟智慧系统技术有限公司
航天投资控股有限公司,上海航天能源股份有限公司
航天投资控股有限公司,西安康本材料有限公司
航天投资控股有限公司,国华军民融合产业发展基金管理有限公司
航天投资控股有限公司,中国核能电力股份有限公司
航天投资控股有限公司,航天长征化学工程股份有限公司
航天投资控股有限公司,中国核工业建设股份有限公司
航天投资控股有限公司,中国核工业建设股份有限公司
航天投资控股有限公司,中国核工业建设股份有限公司
航天投资控股有限公司,中国核工业建设股份有限公司
航天投资控股有限公司,中国核工业建设股份有限公司
航天投资控股有限公司,中国核工业建设股份有限公司
航天投资控股有限公司,中国核工业建设股份有限公司
航天投资控股有限公司,中国核工业建设股份有限公司
航天投资控股有限公司,中国核工业建设股份有限公司
航天投资控股有限公司,中国核工业建设股份有限公司
航天投资控股有限公司,中国核工业建设股份有限公司
航天投资控股有限公司,中国核工业建设股份有限公司
航天投资控股有限公司,中国核工业建设股份有限公司
航天投资控股有限公司,国投创新投资管理有限公司
航天投资控股有限公司,北京航化节能环保技术有限公司
航天投资控股有限公司,央广视讯传媒股份有限公司
航天投资控股有限公司,辽宁航天凌河汽车有限公司
航天投资控股有限公司,乐凯华光印刷科技有限公司
航天投资控股有限公司,中国核能电力股份有限公司
中国航发资产管理有限公司,中粮资本控股股份有限公司
中国航发资产管理有限公司,北京钢研高纳科技股份有限公司
拉萨经济技术开发区厚康实业有限公司,黑龙江国中水务股份有限公司
焦作万方铝业股份有限公司,国泰君安证券股份有限公司
广州藤川科技有限公司,广州广电运通金融电子股份有限公司
融捷健康科技股份有限公司,北京央广联合传媒投资有限公司
融捷健康科技股份有限公司,安徽中盛溯源生物科技有限公司
融捷健康科技股份有限公司,深圳市卓先实业有限公司
四川航天工业集团有限公司,航天时代置业发展有限公司
四川航天工业集团有限公司,北京航天时代天盛物业管理有限公司
四川航天工业集团有限公司,航天投资控股有限公司
中粮集团有限公司,中粮屯河糖业股份有限公司
中粮集团有限公司,大悦城控股集团股份有限公司
中粮集团有限公司,中粮资本控股股份有限公司
东方财富信息股份有限公司,中证信用增进股份有限公司
中信建投证券股份有限公司,中信出版集团股份有限公司
中信建投证券股份有限公司,江西正邦科技股份有限公司
中信建投证券股份有限公司,蒙娜丽莎集团股份有限公司
中信建投证券股份有限公司,深圳王子新材料股份有限公司
中信建投证券股份有限公司,江苏爱康科技股份有限公司
中信建投证券股份有限公司,鞍山森远路桥股份有限公司
中信建投证券股份有限公司,常州强力电子新材料股份有限公司
中信建投证券股份有限公司,东华能源股份有限公司
中信建投证券股份有限公司,通源石油科技集团股份有限公司
中信建投证券股份有限公司,成都三泰控股集团股份有限公司
中信建投证券股份有限公司,探路者控股集团股份有限公司
中信建投证券股份有限公司,深圳市铁汉生态环境股份有限公司
中信建投证券股份有限公司,蒙娜丽莎集团股份有限公司
中信建投证券股份有限公司,中光学集团股份有限公司
中信建投证券股份有限公司,深圳顺络电子股份有限公司
中信建投证券股份有限公司,松德智慧装备股份有限公司
中信建投证券股份有限公司,山东东岳有机硅材料股份有限公司
中信建投证券股份有限公司,江苏精研科技股份有限公司
中信建投证券股份有限公司,江西正邦科技股份有限公司
中信建投证券股份有限公司,南国置业股份有限公司
中信建投证券股份有限公司,上海航天汽车机电股份有限公司
中信建投证券股份有限公司,北京国联视讯信息技术股份有限公司
中信建投证券股份有限公司,浙江富润股份有限公司
中信建投证券股份有限公司,中国卫通集团股份有限公司
中信建投证券股份有限公司,浙江台华新材料股份有限公司
中信建投证券股份有限公司,卓郎智能技术股份有限公司
中信建投证券股份有限公司,重庆三峰环境集团股份有限公司
中信建投证券股份有限公司,成都燃气集团股份有限公司
中信建投证券股份有限公司,宁波海运股份有限公司
中信建投证券股份有限公司,北方光电股份有限公司
中信建投证券股份有限公司,北方导航控制技术股份有限公司
中信建投证券股份有限公司,广州白云电器设备股份有限公司
中信建投证券股份有限公司,今创集团股份有限公司
中信建投证券股份有限公司,宁波杉杉股份有限公司
中信建投证券股份有限公司,长春奥普光电技术股份有限公司
中信建投证券股份有限公司,东莞宜安科技股份有限公司
中信建投证券股份有限公司,四川科伦药业股份有限公司
中信建投证券股份有限公司,孚日集团股份有限公司
中信建投证券股份有限公司,中信国安信息产业股份有限公司
中信建投证券股份有限公司,湖南汉森制药股份有限公司
中信建投证券股份有限公司,顺利办信息服务股份有限公司
中信建投证券股份有限公司,嘉事堂药业股份有限公司
中信建投证券股份有限公司,深圳市广和通无线股份有限公司
中信建投证券股份有限公司,通源石油科技集团股份有限公司
中信建投证券股份有限公司,中信国安信息产业股份有限公司
中信建投证券股份有限公司,长春奥普光电技术股份有限公司
中信建投证券股份有限公司,鞍山森远路桥股份有限公司
中信建投证券股份有限公司,东华能源股份有限公司
中信建投证券股份有限公司,宁波杉杉股份有限公司
中信建投证券股份有限公司,宁波海运股份有限公司
中信建投证券股份有限公司,成都燃气集团股份有限公司
中信建投证券股份有限公司,广州白云电器设备股份有限公司
中信建投证券股份有限公司,今创集团股份有限公司
中信建投证券股份有限公司,北方光电股份有限公司
中信建投证券股份有限公司,探路者控股集团股份有限公司
中信建投证券股份有限公司,东莞宜安科技股份有限公司
中信建投证券股份有限公司,孚日集团股份有限公司
中信建投证券股份有限公司,常州强力电子新材料股份有限公司
中信建投证券股份有限公司,四川科伦药业股份有限公司
中信建投证券股份有限公司,江苏爱康科技股份有限公司
中信建投证券股份有限公司,湖南汉森制药股份有限公司
中信建投证券股份有限公司,北方导航控制技术股份有限公司
中信建投证券股份有限公司,深圳市铁汉生态环境股份有限公司
中信建投证券股份有限公司,深圳王子新材料股份有限公司
中信建投证券股份有限公司,中信出版集团股份有限公司
云南新华书店集团有限公司,国泰君安证券股份有限公司
安徽海螺水泥股份有限公司,唐山冀东水泥股份有限公司
中船海洋与防务装备股份有限公司,中国船舶工业股份有限公司
中国黄金集团资产管理有限公司,中信重工机械股份有限公司
赤峰红烨投资有限公司,盛达金属资源股份有限公司
上海冶金炉料有限公司,国泰君安证券股份有限公司
南京泰中荣达投资管理有限公司,上海元祖梦果子股份有限公司
中国中铁股份有限公司,中铁高新工业股份有限公司
海通证券股份有限公司,上海证券交易所
四川长虹电器股份有限公司,华夏证券股份有限公司
中国节能环保集团有限公司,中节能环保装备股份有限公司
中国节能环保集团有限公司,航天投资控股有限公司
中国兵器工业总公司,国泰君安证券股份有限公司
杭州老板实业集团有限公司,杭州老板电器股份有限公司
杭州银创投资有限公司,杭州老板电器股份有限公司
郑州百文集团有限公司,国泰君安证券股份有限公司
广州无线电集团有限公司,盈富泰克创业投资有限公司
广州无线电集团有限公司,广州珠江钢琴集团股份有限公司
广州无线电集团有限公司,广州广电运通金融电子股份有限公司
上海航天智能装备有限公司,上海航天汽车机电股份有限公司
浙江医药股份有限公司,浙江仙琚制药股份有限公司
宏达高科控股股份有限公司,海宁中国皮革城股份有限公司
上海金桥出口加工区开发股份有限公司,海通证券股份有限公司
上海金桥出口加工区开发股份有限公司,国泰君安证券股份有限公司
国新投资有限公司,际华集团股份有限公司
国新投资有限公司,中国神华能源股份有限公司
国新投资有限公司,中国化学工程股份有限公司
国新投资有限公司,中国交通建设股份有限公司
国新投资有限公司,中国石油化工股份有限公司
国新投资有限公司,中远海运发展股份有限公司
国新投资有限公司,中国中车股份有限公司
国新投资有限公司,宝山钢铁股份有限公司
国新投资有限公司,中国铁建股份有限公司
国新投资有限公司,中国中铁股份有限公司
国新投资有限公司,武汉光迅科技股份有限公司
国新投资有限公司,中光学集团股份有限公司
国新投资有限公司,深圳华侨城股份有限公司
国新投资有限公司,贵州航天电器股份有限公司
上海航天汽车机电股份有限公司,定襄太科光伏电力有限公司
上海航天汽车机电股份有限公司,航天晨光股份有限公司
上海航天汽车机电股份有限公司,国泰君安证券股份有限公司
上海航天汽车机电股份有限公司,上海博尔投资创业有限公司
上海航天汽车机电股份有限公司,上海太阳能科技有限公司
中信汽车有限责任公司,中信重工机械股份有限公司
北京航天长峰股份有限公司,国泰君安证券股份有限公司
嘉事堂药业股份有限公司,中青旅控股股份有限公司
光大证券股份有限公司,天康生物股份有限公司
光大证券股份有限公司,创业慧康科技股份有限公司
中国运载火箭技术研究院,航天时代置业发展有限公司
中国运载火箭技术研究院,航天投资控股有限公司
中国运载火箭技术研究院,航天长征化学工程股份有限公司
中国运载火箭技术研究院,中国卫通集团股份有限公司
中国烟草总公司,中国农业银行股份有限公司
中国烟草总公司,中信银行股份有限公司
中国烟草总公司,华夏证券股份有限公司
中国烟草总公司,国家集成电路产业投资基金股份有限公司
中国烟草总公司,中信银行股份有限公司
中国烟草总公司,国泰君安证券股份有限公司
中山公用事业集团股份有限公司,广发证券股份有限公司
上海锦江国际实业投资股份有限公司,国泰君安证券股份有限公司
中国石油化工股份有限公司,中国石化上海石油化工股份有限公司
中国石油化工股份有限公司,中国石化上海石油化工股份有限公司
国金证券股份有限公司,上海电力股份有限公司
国金证券股份有限公司,软控股份有限公司
国金证券股份有限公司,浙江米奥兰特商务会展股份有限公司
甘肃盛达集团股份有限公司,内蒙古金山矿业有限公司
甘肃盛达集团股份有限公司,北京盛达振兴实业有限公司
甘肃盛达集团股份有限公司,盛达金属资源股份有限公司
红塔证券股份有限公司,软控股份有限公司
红塔证券股份有限公司,中证机构间报价系统股份有限公司
红塔证券股份有限公司,深圳市尚荣医疗股份有限公司
红塔证券股份有限公司,山东博安智能科技股份有限公司
红塔证券股份有限公司,贵州航天电器股份有限公司
吉林省东盟集团股份有限公司,国泰君安证券股份有限公司
深圳华强实业股份有限公司,深圳华强北国际创客中心有限公司
深圳华强实业股份有限公司,深圳华强沃光科技有限公司
深圳华强实业股份有限公司,芜湖市华强旅游城投资开发有限公司
深圳华强实业股份有限公司,深圳市鹏源电子有限公司
深圳华强实业股份有限公司,深圳华强广场控股有限公司
深圳华强实业股份有限公司,深圳华强销售公司
深圳华强实业股份有限公司,深圳华强彩电有限公司
深圳华强实业股份有限公司,深圳华强半导体集团有限公司
深圳华强实业股份有限公司,深圳华强电子世界管理有限公司
深圳华强实业股份有限公司,深圳华强电子世界发展有限公司
河南省中豫文旅投资有限公司,棕榈盛城投资有限公司
广东省科技风险投资有限公司,广东鸿图科技股份有限公司
广东省科技风险投资有限公司,广东鸿图科技股份有限公司
绍兴华都投资管理有限公司,海南矿业股份有限公司
山东黄金地质矿产勘查有限公司,山东黄金矿业股份有限公司
北京银至永浩管理咨询有限公司,北京赛微电子股份有限公司
山金金控资本管理有限公司,山东黄金矿业股份有限公司
北京国有资本经营管理中心,北汽福田汽车股份有限公司
北京国有资本经营管理中心,北京金隅集团股份有限公司
北京国有资本经营管理中心,中国航发动力股份有限公司
北京国有资本经营管理中心,京东方科技集团股份有限公司
北京国有资本经营管理中心,中信建投证券股份有限公司
北京国有资本经营管理中心,中信建投证券股份有限公司
北京国有资本经营管理中心,中国航空发动机集团有限公司
北京国有资本经营管理中心,中信建投证券股份有限公司
TCL集团股份有限公司,上海银行股份有限公司
TCL集团股份有限公司,深圳市瑞丰光电子股份有限公司
伟星集团有限公司,浙江伟星新型建材股份有限公司
伟星集团有限公司,国泰君安证券股份有限公司
伟星集团有限公司,浙江伟星新型建材股份有限公司
华安基金管理有限公司,证通股份有限公司
广东省机械研究所,广东鸿图科技股份有限公司
辽宁福鞍重工股份有限公司,辽宁冶金设计研究院有限公司
中国航发动力股份有限公司,中国航发山西航空发动机维修有限责任公司
中国航发动力股份有限公司,西安西航集团莱特航空制造技术有限公司
中国航发动力股份有限公司,西安西航集团铝业有限公司
无锡西姆莱斯特种钢管有限公司,北京钢研高纳科技股份有限公司
宁波华翔电子股份有限公司,富奥汽车零部件股份有限公司
福建华兴财政证券公司,国泰君安证券股份有限公司
中央汇金资产管理有限责任公司,哈尔滨哈投投资股份有限公司
中央汇金资产管理有限责任公司,黑龙江交通发展股份有限公司
中央汇金资产管理有限责任公司,深圳市特尔佳科技股份有限公司
中央汇金资产管理有限责任公司,黑龙江国中水务股份有限公司
中央汇金资产管理有限责任公司,浙江康恩贝制药股份有限公司
中央汇金资产管理有限责任公司,金发拉比妇婴童用品股份有限公司
中央汇金资产管理有限责任公司,索菲亚家居股份有限公司
中央汇金资产管理有限责任公司,河南大有能源股份有限公司
中央汇金资产管理有限责任公司,宁夏建材集团股份有限公司
中央汇金资产管理有限责任公司,北京诚益通控制工程科技股份有限公司
中央汇金资产管理有限责任公司,浙江仁智股份有限公司
中央汇金资产管理有限责任公司,上海莱士血液制品股份有限公司
中央汇金资产管理有限责任公司,迪瑞医疗科技股份有限公司
中央汇金资产管理有限责任公司,湖南梦洁家纺股份有限公司
中央汇金资产管理有限责任公司,常柴股份有限公司
中央汇金资产管理有限责任公司,重庆蓝黛动力传动机械股份有限公司
中央汇金资产管理有限责任公司,安阳钢铁股份有限公司
中央汇金资产管理有限责任公司,美都能源股份有限公司
中央汇金资产管理有限责任公司,福建海源复合材料科技股份有限公司
中央汇金资产管理有限责任公司,融捷健康科技股份有限公司
中央汇金资产管理有限责任公司,深圳市索菱实业股份有限公司
中央汇金资产管理有限责任公司,中信银行股份有限公司
中央汇金资产管理有限责任公司,迪瑞医疗科技股份有限公司
中央汇金资产管理有限责任公司,光大证券股份有限公司
中央汇金资产管理有限责任公司,中国重汽集团济南卡车股份有限公司
中央汇金资产管理有限责任公司,潍柴动力股份有限公司
中央汇金资产管理有限责任公司,光大证券股份有限公司
中央汇金资产管理有限责任公司,兄弟科技股份有限公司
中央汇金资产管理有限责任公司,深圳海联讯科技股份有限公司
中央汇金资产管理有限责任公司,步步高商业连锁股份有限公司
中央汇金资产管理有限责任公司,中视传媒股份有限公司
中央汇金资产管理有限责任公司,梅花生物科技集团股份有限公司
中央汇金资产管理有限责任公司,东方电气股份有限公司
中央汇金资产管理有限责任公司,宁波杉杉股份有限公司
中央汇金资产管理有限责任公司,TCL集团股份有限公司
中央汇金资产管理有限责任公司,中国南方航空股份有限公司
中央汇金资产管理有限责任公司,广西柳工机械股份有限公司
中央汇金资产管理有限责任公司,江苏银河电子股份有限公司
中央汇金资产管理有限责任公司,佛山电器照明股份有限公司
中央汇金资产管理有限责任公司,上海汽车集团股份有限公司
中央汇金资产管理有限责任公司,上海汽车集团股份有限公司
中央汇金资产管理有限责任公司,三变科技股份有限公司
中央汇金资产管理有限责任公司,兖州煤业股份有限公司
中央汇金资产管理有限责任公司,山东恒邦冶炼股份有限公司
中央汇金资产管理有限责任公司,中国石化上海石油化工股份有限公司
中央汇金资产管理有限责任公司,浙江美大实业股份有限公司
中央汇金资产管理有限责任公司,万科企业股份有限公司
中央汇金资产管理有限责任公司,上海百联集团股份有限公司
中央汇金资产管理有限责任公司,中国工商银行股份有限公司
中央汇金资产管理有限责任公司,巴士在线股份有限公司
中央汇金资产管理有限责任公司,安科瑞电气股份有限公司
中央汇金资产管理有限责任公司,兖州煤业股份有限公司
中央汇金资产管理有限责任公司,金陵药业股份有限公司
中央汇金资产管理有限责任公司,宁波杉杉股份有限公司
中央汇金资产管理有限责任公司,江苏澳洋顺昌股份有限公司
中央汇金资产管理有限责任公司,浙江中国小商品城集团股份有限公司
中央汇金资产管理有限责任公司,宁波康强电子股份有限公司
中央汇金资产管理有限责任公司,富士康工业互联网股份有限公司
中央汇金资产管理有限责任公司,上海二三四五网络控股集团股份有限公司
中央汇金资产管理有限责任公司,南京高科股份有限公司
中央汇金资产管理有限责任公司,天津泰达股份有限公司
中央汇金资产管理有限责任公司,青海金瑞矿业发展股份有限公司
中央汇金资产管理有限责任公司,金科地产集团股份有限公司
中央汇金资产管理有限责任公司,上海威尔泰工业自动化股份有限公司
中央汇金资产管理有限责任公司,浙江伟星新型建材股份有限公司
中央汇金资产管理有限责任公司,上海联明机械股份有限公司
中央汇金资产管理有限责任公司,江西万年青水泥股份有限公司
中央汇金资产管理有限责任公司,安徽海螺水泥股份有限公司
中央汇金资产管理有限责任公司,宋城演艺发展股份有限公司
中央汇金资产管理有限责任公司,新疆八一钢铁股份有限公司
中央汇金资产管理有限责任公司,骆驼集团股份有限公司
中央汇金资产管理有限责任公司,沈阳化工股份有限公司
中央汇金资产管理有限责任公司,安徽海螺水泥股份有限公司
中央汇金资产管理有限责任公司,西安饮食股份有限公司
中央汇金资产管理有限责任公司,无锡华光环保能源集团股份有限公司
中央汇金资产管理有限责任公司,北京安控科技股份有限公司
中央汇金资产管理有限责任公司,广东派生智能科技股份有限公司
中央汇金资产管理有限责任公司,深圳市雄韬电源科技股份有限公司
中央汇金资产管理有限责任公司,摩登大道时尚集团股份有限公司
中央汇金资产管理有限责任公司,广东依顿电子科技股份有限公司
中央汇金资产管理有限责任公司,珠海格力电器股份有限公司
中央汇金资产管理有限责任公司,远光软件股份有限公司
中央汇金资产管理有限责任公司,TCL集团股份有限公司
中央汇金资产管理有限责任公司,广东嘉应制药股份有限公司
中央汇金资产管理有限责任公司,牧原食品股份有限公司
中央汇金资产管理有限责任公司,顺丰控股股份有限公司
中央汇金资产管理有限责任公司,浩云科技股份有限公司
中央汇金资产管理有限责任公司,江苏九鼎新材料股份有限公司
中央汇金资产管理有限责任公司,锐奇控股股份有限公司
中央汇金资产管理有限责任公司,深圳市理邦精密仪器股份有限公司
中央汇金资产管理有限责任公司,安徽国祯环保节能科技股份有限公司
中央汇金资产管理有限责任公司,广东正业科技股份有限公司
中央汇金资产管理有限责任公司,深圳市艾比森光电股份有限公司
中央汇金资产管理有限责任公司,河南科迪乳业股份有限公司
中央汇金资产管理有限责任公司,中国铝业股份有限公司
中央汇金资产管理有限责任公司,招商证券股份有限公司
中央汇金资产管理有限责任公司,山推工程机械股份有限公司
中央汇金资产管理有限责任公司,新奥生态控股股份有限公司
中央汇金资产管理有限责任公司,中国工商银行股份有限公司
中央汇金资产管理有限责任公司,宏发科技股份有限公司
中央汇金资产管理有限责任公司,中国农业银行股份有限公司
中央汇金资产管理有限责任公司,安徽金种子酒业股份有限公司
中央汇金资产管理有限责任公司,中联重科股份有限公司
中央汇金资产管理有限责任公司,上海汇通能源股份有限公司
中央汇金资产管理有限责任公司,广州杰赛科技股份有限公司
中央汇金资产管理有限责任公司,鹏起科技发展股份有限公司
中央汇金资产管理有限责任公司,上海安诺其集团股份有限公司
中央汇金资产管理有限责任公司,杭州泰格医药科技股份有限公司
中央汇金资产管理有限责任公司,江苏恩华药业股份有限公司
中央汇金资产管理有限责任公司,深圳四方精创资讯股份有限公司
中央汇金资产管理有限责任公司,广东东阳光科技控股股份有限公司
中央汇金资产管理有限责任公司,龙星化工股份有限公司
中央汇金资产管理有限责任公司,中化岩土集团股份有限公司
中央汇金资产管理有限责任公司,金科地产集团股份有限公司
中央汇金资产管理有限责任公司,雅本化学股份有限公司
中央汇金资产管理有限责任公司,山东仙坛股份有限公司
中央汇金资产管理有限责任公司,新疆伊力特实业股份有限公司
中央汇金资产管理有限责任公司,三盛智慧教育科技股份有限公司
中央汇金资产管理有限责任公司,深圳市易尚展示股份有限公司
中央汇金资产管理有限责任公司,天津九安医疗电子股份有限公司
中央汇金资产管理有限责任公司,北京首商集团股份有限公司
中央汇金资产管理有限责任公司,北京奥赛康药业股份有限公司
中央汇金资产管理有限责任公司,苏州安洁科技股份有限公司
中央汇金资产管理有限责任公司,东江环保股份有限公司
中央汇金资产管理有限责任公司,浙江聚力文化发展股份有限公司
中央汇金资产管理有限责任公司,金鸿控股集团股份有限公司
中央汇金资产管理有限责任公司,天水华天科技股份有限公司
中央汇金资产管理有限责任公司,申能股份有限公司
中央汇金资产管理有限责任公司,江苏东华测试技术股份有限公司
中央汇金资产管理有限责任公司,安徽安利材料科技股份有限公司
中央汇金资产管理有限责任公司,创元科技股份有限公司
中央汇金资产管理有限责任公司,深圳歌力思服饰股份有限公司
中央汇金资产管理有限责任公司,上海梅林正广和股份有限公司
中央汇金资产管理有限责任公司,上海新华传媒股份有限公司
中央汇金资产管理有限责任公司,上海华东电脑股份有限公司
中央汇金资产管理有限责任公司,号百控股股份有限公司
中央汇金资产管理有限责任公司,中国船舶工业股份有限公司
中央汇金资产管理有限责任公司,上海新朋实业股份有限公司
中央汇金资产管理有限责任公司,中远海运科技股份有限公司
中央汇金资产管理有限责任公司,上海凯宝药业股份有限公司
中央汇金资产管理有限责任公司,上海徐家汇商城股份有限公司
中央汇金资产管理有限责任公司,湖南湘佳牧业股份有限公司
中央汇金资产管理有限责任公司,陕西省国际信托股份有限公司
中央汇金资产管理有限责任公司,中国西电电气股份有限公司
中央汇金资产管理有限责任公司,武汉武商集团股份有限公司
中央汇金资产管理有限责任公司,中国建设银行股份有限公司
中央汇金资产管理有限责任公司,国金证券股份有限公司
中央汇金资产管理有限责任公司,山西杏花村汾酒厂股份有限公司
中央汇金资产管理有限责任公司,安徽省皖能股份有限公司
中央汇金资产管理有限责任公司,日出东方控股股份有限公司
中央汇金资产管理有限责任公司,上海安硕信息技术股份有限公司
中央汇金资产管理有限责任公司,北讯集团股份有限公司
中央汇金资产管理有限责任公司,上海华虹计通智能系统股份有限公司
中央汇金资产管理有限责任公司,杭州锅炉集团股份有限公司
中央汇金资产管理有限责任公司,中际旭创股份有限公司
中央汇金资产管理有限责任公司,湖北宜昌交运集团股份有限公司
中央汇金资产管理有限责任公司,宁波华翔电子股份有限公司
中央汇金资产管理有限责任公司,金融街控股股份有限公司
中央汇金资产管理有限责任公司,思源电气股份有限公司
中央汇金资产管理有限责任公司,茂硕电源科技股份有限公司
中央汇金资产管理有限责任公司,中国航发动力控制股份有限公司
中央汇金资产管理有限责任公司,赞宇科技集团股份有限公司
中央汇金资产管理有限责任公司,河南四方达超硬材料股份有限公司
中央汇金资产管理有限责任公司,江苏秀强玻璃工艺股份有限公司
中央汇金资产管理有限责任公司,大连华锐重工集团股份有限公司
中央汇金资产管理有限责任公司,北京四维图新科技股份有限公司
中央汇金资产管理有限责任公司,深圳市佳创视讯技术股份有限公司
中央汇金资产管理有限责任公司,广东太安堂药业股份有限公司
中央汇金资产管理有限责任公司,葵花药业集团股份有限公司
中央汇金资产管理有限责任公司,松德智慧装备股份有限公司
中央汇金资产管理有限责任公司,鞍钢股份有限公司
中央汇金资产管理有限责任公司,宜宾天原集团股份有限公司
中央汇金资产管理有限责任公司,湖南博云新材料股份有限公司
中央汇金资产管理有限责任公司,聚龙股份有限公司
中央汇金资产管理有限责任公司,深圳信隆健康产业发展股份有限公司
中央汇金资产管理有限责任公司,报喜鸟控股股份有限公司
中央汇金资产管理有限责任公司,安科瑞电气股份有限公司
中央汇金资产管理有限责任公司,上海威尔泰工业自动化股份有限公司
中央汇金资产管理有限责任公司,浙江我武生物科技股份有限公司
中央汇金资产管理有限责任公司,广东惠伦晶体科技股份有限公司
中央汇金资产管理有限责任公司,北京燕京啤酒股份有限公司
中央汇金资产管理有限责任公司,河北建新化工股份有限公司
中央汇金资产管理有限责任公司,天津汽车模具股份有限公司
中央汇金资产管理有限责任公司,中山大洋电机股份有限公司
中央汇金资产管理有限责任公司,山东登海种业股份有限公司
中央汇金资产管理有限责任公司,潜能恒信能源技术股份有限公司
中央汇金资产管理有限责任公司,苏州工业园区和顺电气股份有限公司
中央汇金资产管理有限责任公司,丽珠医药集团股份有限公司
中央汇金资产管理有限责任公司,湘潭电化科技股份有限公司
中央汇金资产管理有限责任公司,欧菲光集团股份有限公司
中央汇金资产管理有限责任公司,高伟达软件股份有限公司
中央汇金资产管理有限责任公司,江苏华宏科技股份有限公司
中央汇金资产管理有限责任公司,西藏矿业发展股份有限公司
中央汇金资产管理有限责任公司,飞天诚信科技股份有限公司
中央汇金资产管理有限责任公司,深圳市奋达科技股份有限公司
中央汇金资产管理有限责任公司,广州广电运通金融电子股份有限公司
中央汇金资产管理有限责任公司,浙江星星科技股份有限公司
中央汇金资产管理有限责任公司,中工国际工程股份有限公司
中央汇金资产管理有限责任公司,横店集团东磁股份有限公司
中央汇金资产管理有限责任公司,沧州明珠塑料股份有限公司
中央汇金资产管理有限责任公司,科大讯飞股份有限公司
中央汇金资产管理有限责任公司,山东民和牧业股份有限公司
中央汇金资产管理有限责任公司,恒康医疗集团股份有限公司
中央汇金资产管理有限责任公司,浙江卫星石化股份有限公司
中央汇金资产管理有限责任公司,中核苏阀科技实业股份有限公司
中央汇金资产管理有限责任公司,浙江网盛生意宝股份有限公司
中央汇金资产管理有限责任公司,新疆浩源天然气股份有限公司
中央汇金资产管理有限责任公司,浙江精功科技股份有限公司
中央汇金资产管理有限责任公司,江苏云意电气股份有限公司
中央汇金资产管理有限责任公司,瑞泰科技股份有限公司
中央汇金资产管理有限责任公司,新疆中泰化学股份有限公司
中央汇金资产管理有限责任公司,北方华创科技集团股份有限公司
中央汇金资产管理有限责任公司,露笑科技股份有限公司
中央汇金资产管理有限责任公司,融捷股份有限公司
中央汇金资产管理有限责任公司,北京华录百纳影视股份有限公司
中央汇金资产管理有限责任公司,广州普邦园林股份有限公司
中央汇金资产管理有限责任公司,山西西山煤电股份有限公司
中央汇金资产管理有限责任公司,天齐锂业股份有限公司
中央汇金资产管理有限责任公司,棕榈生态城镇发展股份有限公司
中央汇金资产管理有限责任公司,上海加冷松芝汽车空调股份有限公司
中央汇金资产管理有限责任公司,中粮生物科技股份有限公司
中央汇金资产管理有限责任公司,北京钢研高纳科技股份有限公司
中央汇金资产管理有限责任公司,汇中仪表股份有限公司
中央汇金资产管理有限责任公司,广州迪森热能技术股份有限公司
中央汇金资产管理有限责任公司,天津中环半导体股份有限公司
中央汇金资产管理有限责任公司,东阿阿胶股份有限公司
中央汇金资产管理有限责任公司,云南西仪工业股份有限公司
中央汇金资产管理有限责任公司,浙江迦南科技股份有限公司
中央汇金资产管理有限责任公司,万向钱潮股份有限公司
中央汇金资产管理有限责任公司,深圳广田集团股份有限公司
中央汇金资产管理有限责任公司,中航工业机电系统股份有限公司
中央汇金资产管理有限责任公司,克明面业股份有限公司
中央汇金资产管理有限责任公司,淄博齐翔腾达化工股份有限公司
中央汇金资产管理有限责任公司,北京无线天利移动信息技术股份有限公司
中央汇金资产管理有限责任公司,中航光电科技股份有限公司
中央汇金资产管理有限责任公司,北京双鹭药业股份有限公司
中央汇金资产管理有限责任公司,国药集团一致药业股份有限公司
中央汇金资产管理有限责任公司,远光软件股份有限公司
中央汇金资产管理有限责任公司,河北承德露露股份有限公司
中央汇金资产管理有限责任公司,富奥汽车零部件股份有限公司
中央汇金资产管理有限责任公司,北京晓程科技股份有限公司
中央汇金资产管理有限责任公司,星辉互动娱乐股份有限公司
中央汇金资产管理有限责任公司,东方日升新能源股份有限公司
中央汇金资产管理有限责任公司,安泰科技股份有限公司
中央汇金资产管理有限责任公司,唐山冀东装备工程股份有限公司
中央汇金资产管理有限责任公司,黄山永新股份有限公司
中央汇金资产管理有限责任公司,海信家电集团股份有限公司
中央汇金资产管理有限责任公司,云南能源投资股份有限公司
中央汇金资产管理有限责任公司,慈文传媒股份有限公司
中央汇金资产管理有限责任公司,浙江美大实业股份有限公司
中央汇金资产管理有限责任公司,新疆天山水泥股份有限公司
中央汇金资产管理有限责任公司,南京港股份有限公司
中央汇金资产管理有限责任公司,卫宁健康科技集团股份有限公司
中央汇金资产管理有限责任公司,广东道氏技术股份有限公司
中央汇金资产管理有限责任公司,厦门三五互联科技股份有限公司
中央汇金资产管理有限责任公司,渤海水业股份有限公司
中央汇金资产管理有限责任公司,浙江新和成股份有限公司
中央汇金资产管理有限责任公司,茂名石化实华股份有限公司
中央汇金资产管理有限责任公司,昆山新莱洁净应用材料股份有限公司
中央汇金资产管理有限责任公司,巨力索具股份有限公司
中央汇金资产管理有限责任公司,广州珠江啤酒股份有限公司
中央汇金资产管理有限责任公司,北京君正集成电路股份有限公司
中央汇金资产管理有限责任公司,迪安诊断技术集团股份有限公司
中央汇金资产管理有限责任公司,广东嘉应制药股份有限公司
中央汇金资产管理有限责任公司,顾地科技股份有限公司
中央汇金资产管理有限责任公司,北京鼎汉技术集团股份有限公司
中央汇金资产管理有限责任公司,天津膜天膜科技股份有限公司
中央汇金资产管理有限责任公司,浙江三花智能控制股份有限公司
中央汇金资产管理有限责任公司,罗牛山股份有限公司
中央汇金资产管理有限责任公司,烟台正海磁性材料股份有限公司
中央汇金资产管理有限责任公司,永清环保股份有限公司
中央汇金资产管理有限责任公司,江苏常宝钢管股份有限公司
中央汇金资产管理有限责任公司,福建南平太阳电缆股份有限公司
中央汇金资产管理有限责任公司,云南罗平锌电股份有限公司
中央汇金资产管理有限责任公司,北方化学工业股份有限公司
中央汇金资产管理有限责任公司,浙江盾安人工环境股份有限公司
中央汇金资产管理有限责任公司,深圳市漫步者科技股份有限公司
中央汇金资产管理有限责任公司,珠海全志科技股份有限公司
中央汇金资产管理有限责任公司,洛阳轴研科技股份有限公司
中央汇金资产管理有限责任公司,北京三聚环保新材料股份有限公司
中央汇金资产管理有限责任公司,中光学集团股份有限公司
中央汇金资产管理有限责任公司,成都市贝瑞和康基因技术股份有限公司
中央汇金资产管理有限责任公司,创业慧康科技股份有限公司
中央汇金资产管理有限责任公司,山东豪迈机械科技股份有限公司
中央汇金资产管理有限责任公司,云南白药集团股份有限公司
中央汇金资产管理有限责任公司,广东海大集团股份有限公司
中央汇金资产管理有限责任公司,北京雪迪龙科技股份有限公司
中央汇金资产管理有限责任公司,北京高盟新材料股份有限公司
中央汇金资产管理有限责任公司,桂林莱茵生物科技股份有限公司
中央汇金资产管理有限责任公司,惠州中京电子科技股份有限公司
中央汇金资产管理有限责任公司,江西特种电机股份有限公司
中央汇金资产管理有限责任公司,江苏鱼跃医疗设备股份有限公司
中央汇金资产管理有限责任公司,兄弟科技股份有限公司
中央汇金资产管理有限责任公司,华兰生物工程股份有限公司
中央汇金资产管理有限责任公司,河北汇金机电股份有限公司
中央汇金资产管理有限责任公司,深圳市农产品集团股份有限公司
中央汇金资产管理有限责任公司,联化科技股份有限公司
中央汇金资产管理有限责任公司,新希望六和股份有限公司
中央汇金资产管理有限责任公司,广东汕头超声电子股份有限公司
中央汇金资产管理有限责任公司,重庆博腾制药科技股份有限公司
中央汇金资产管理有限责任公司,泸州老窖股份有限公司
中央汇金资产管理有限责任公司,江苏飞力达国际物流股份有限公司
中央汇金资产管理有限责任公司,袁隆平农业高科技股份有限公司
中央汇金资产管理有限责任公司,中石化石油机械股份有限公司
中央汇金资产管理有限责任公司,辽宁奥克化学股份有限公司
中央汇金资产管理有限责任公司,山东瑞丰高分子材料股份有限公司
中央汇金资产管理有限责任公司,四川雅化实业集团股份有限公司
中央汇金资产管理有限责任公司,康得新复合材料集团股份有限公司
中央汇金资产管理有限责任公司,太空智造股份有限公司
中央汇金资产管理有限责任公司,长春奥普光电技术股份有限公司
中央汇金资产管理有限责任公司,立讯精密工业股份有限公司
中央汇金资产管理有限责任公司,深圳市盐田港股份有限公司
中央汇金资产管理有限责任公司,哈尔滨誉衡药业股份有限公司
中央汇金资产管理有限责任公司,新大陆数字技术股份有限公司
中央汇金资产管理有限责任公司,深圳奥特迅电力设备股份有限公司
中央汇金资产管理有限责任公司,深圳信立泰药业股份有限公司
中央汇金资产管理有限责任公司,新疆金风科技股份有限公司
中央汇金资产管理有限责任公司,贵州航天电器股份有限公司
中央汇金资产管理有限责任公司,上海永利带业股份有限公司
中央汇金资产管理有限责任公司,四川迅游网络科技股份有限公司
中央汇金资产管理有限责任公司,浙江友邦集成吊顶股份有限公司
中央汇金资产管理有限责任公司,阳光电源股份有限公司
中央汇金资产管理有限责任公司,爱尔眼科医院集团股份有限公司
中央汇金资产管理有限责任公司,湖南天润数字娱乐文化传媒股份有限公司
中央汇金资产管理有限责任公司,天津经纬辉开光电股份有限公司
中央汇金资产管理有限责任公司,上海科泰电源股份有限公司
中央汇金资产管理有限责任公司,山东三维石化工程股份有限公司
中央汇金资产管理有限责任公司,北京银信长远科技股份有限公司
中央汇金资产管理有限责任公司,达刚控股集团股份有限公司
中央汇金资产管理有限责任公司,中天金融集团股份有限公司
中央汇金资产管理有限责任公司,杭州高新橡塑材料股份有限公司
中央汇金资产管理有限责任公司,深圳市远望谷信息技术股份有限公司
中央汇金资产管理有限责任公司,汤臣倍健股份有限公司
中央汇金资产管理有限责任公司,上海中信信息发展股份有限公司
中央汇金资产管理有限责任公司,华远地产股份有限公司
中央汇金资产管理有限责任公司,重庆啤酒股份有限公司
中央汇金资产管理有限责任公司,北京华业资本控股股份有限公司
中央汇金资产管理有限责任公司,信达地产股份有限公司
中央汇金资产管理有限责任公司,西宁特殊钢股份有限公司
中央汇金资产管理有限责任公司,江河创建集团股份有限公司
中央汇金资产管理有限责任公司,上海汽车集团股份有限公司
中央汇金资产管理有限责任公司,东方通信股份有限公司
中央汇金资产管理有限责任公司,上海百联集团股份有限公司
中央汇金资产管理有限责任公司,海南天然橡胶产业集团股份有限公司
中央汇金资产管理有限责任公司,冠城大通股份有限公司
中央汇金资产管理有限责任公司,宝鸡钛业股份有限公司
中央汇金资产管理有限责任公司,广东生益科技股份有限公司
中央汇金资产管理有限责任公司,华域汽车系统股份有限公司
中央汇金资产管理有限责任公司,苏州纽威阀门股份有限公司
中央汇金资产管理有限责任公司,唐山港集团股份有限公司
中央汇金资产管理有限责任公司,上海实业发展股份有限公司
中央汇金资产管理有限责任公司,浙江阳光照明电器集团股份有限公司
中央汇金资产管理有限责任公司,上海电力股份有限公司
中央汇金资产管理有限责任公司,云南驰宏锌锗股份有限公司
中央汇金资产管理有限责任公司,长江出版传媒股份有限公司
中央汇金资产管理有限责任公司,中国人寿保险股份有限公司
中央汇金资产管理有限责任公司,大秦铁路股份有限公司
中央汇金资产管理有限责任公司,上海金桥出口加工区开发股份有限公司
中央汇金资产管理有限责任公司,安徽新华传媒股份有限公司
中央汇金资产管理有限责任公司,大唐国际发电股份有限公司
中央汇金资产管理有限责任公司,浙江浙能电力股份有限公司
中央汇金资产管理有限责任公司,海尔智家股份有限公司
中央汇金资产管理有限责任公司,中远海运控股股份有限公司
中央汇金资产管理有限责任公司,中国东方航空股份有限公司
中央汇金资产管理有限责任公司,中国南方航空股份有限公司
中央汇金资产管理有限责任公司,金堆城钼业股份有限公司
中央汇金资产管理有限责任公司,青岛啤酒股份有限公司
中央汇金资产管理有限责任公司,国电电力发展股份有限公司
中央汇金资产管理有限责任公司,中国神华能源股份有限公司
中央汇金资产管理有限责任公司,广深铁路股份有限公司
中央汇金资产管理有限责任公司,江西铜业股份有限公司
中央汇金资产管理有限责任公司,中铁高新工业股份有限公司
中央汇金资产管理有限责任公司,紫金矿业集团股份有限公司
中央汇金资产管理有限责任公司,山东南山铝业股份有限公司
中央汇金资产管理有限责任公司,中国东方红卫星股份有限公司
中央汇金资产管理有限责任公司,四川川投能源股份有限公司
中央汇金资产管理有限责任公司,卓郎智能技术股份有限公司
中央汇金资产管理有限责任公司,江西洪都航空工业股份有限公司
中央汇金资产管理有限责任公司,文峰大世界连锁发展股份有限公司
中央汇金资产管理有限责任公司,方正科技集团股份有限公司
中央汇金资产管理有限责任公司,上海电气集团股份有限公司
中央汇金资产管理有限责任公司,上海新世界股份有限公司
中央汇金资产管理有限责任公司,中国软件与技术服务股份有限公司
中央汇金资产管理有限责任公司,西部矿业股份有限公司
中央汇金资产管理有限责任公司,天津百利特精电气股份有限公司
中央汇金资产管理有限责任公司,江中药业股份有限公司
中央汇金资产管理有限责任公司,南通江山农药化工股份有限公司
中央汇金资产管理有限责任公司,中国建筑股份有限公司
中央汇金资产管理有限责任公司,五矿发展股份有限公司
中央汇金资产管理有限责任公司,北京京运通科技股份有限公司
中央汇金资产管理有限责任公司,东方集团股份有限公司
中央汇金资产管理有限责任公司,中国冶金科工股份有限公司
中央汇金资产管理有限责任公司,中国光大银行股份有限公司
中央汇金资产管理有限责任公司,北京华胜天成科技股份有限公司
中央汇金资产管理有限责任公司,三一重工股份有限公司
中央汇金资产管理有限责任公司,维维食品饮料股份有限公司
中央汇金资产管理有限责任公司,中国银行股份有限公司
中央汇金资产管理有限责任公司,新华人寿保险股份有限公司
中央汇金资产管理有限责任公司,中信银行股份有限公司
中央汇金资产管理有限责任公司,内蒙古君正能源化工集团股份有限公司
中央汇金资产管理有限责任公司,兴业证券股份有限公司
中央汇金资产管理有限责任公司,北京四方继保自动化股份有限公司
中央汇金资产管理有限责任公司,中国交通建设股份有限公司
中央汇金资产管理有限责任公司,唐山三友化工股份有限公司
中央汇金资产管理有限责任公司,珠海华发实业股份有限公司
中央汇金资产管理有限责任公司,浙江龙盛集团股份有限公司
中央汇金资产管理有限责任公司,华北制药股份有限公司
中央汇金资产管理有限责任公司,光明乳业股份有限公司
中央汇金资产管理有限责任公司,营口港务股份有限公司
中央汇金资产管理有限责任公司,上海城投控股股份有限公司
中央汇金资产管理有限责任公司,南京高科股份有限公司
中央汇金资产管理有限责任公司,东风汽车股份有限公司
中央汇金资产管理有限责任公司,重庆百货大楼股份有限公司
中央汇金资产管理有限责任公司,中航直升机股份有限公司
中央汇金资产管理有限责任公司,苏州新区高新技术产业股份有限公司
中央汇金资产管理有限责任公司,上海世茂股份有限公司
中央汇金资产管理有限责任公司,保利发展控股集团股份有限公司
中央汇金资产管理有限责任公司,双良节能系统股份有限公司
中央汇金资产管理有限责任公司,上海联明机械股份有限公司
中央汇金资产管理有限责任公司,特变电工股份有限公司
中央汇金资产管理有限责任公司,上海贝岭股份有限公司
中央汇金资产管理有限责任公司,浙江中国小商品城集团股份有限公司
中央汇金资产管理有限责任公司,中国中煤能源股份有限公司
中央汇金资产管理有限责任公司,上海建工集团股份有限公司
中央汇金资产管理有限责任公司,上海浦东路桥建设股份有限公司
中央汇金资产管理有限责任公司,西藏城市发展投资股份有限公司
中央汇金资产管理有限责任公司,庞大汽贸集团股份有限公司
中央汇金资产管理有限责任公司,华夏银行股份有限公司
中央汇金资产管理有限责任公司,北京京能电力股份有限公司
中央汇金资产管理有限责任公司,中航资本控股股份有限公司
中央汇金资产管理有限责任公司,天津港股份有限公司
中央汇金资产管理有限责任公司,中铁铁龙集装箱物流股份有限公司
中央汇金资产管理有限责任公司,深圳市燃气集团股份有限公司
中央汇金资产管理有限责任公司,中国中车股份有限公司
中央汇金资产管理有限责任公司,江苏悦达投资股份有限公司
中央汇金资产管理有限责任公司,大商股份有限公司
中央汇金资产管理有限责任公司,中国化学工程股份有限公司
中央汇金资产管理有限责任公司,大连大福控股股份有限公司
中央汇金资产管理有限责任公司,中国第一重型机械股份公司
中央汇金资产管理有限责任公司,洲际油气股份有限公司
中央汇金资产管理有限责任公司,浙江古越龙山绍兴酒股份有限公司
中央汇金资产管理有限责任公司,中国铁建股份有限公司
中央汇金资产管理有限责任公司,人福医药集团股份公司
中央汇金资产管理有限责任公司,天津天药药业股份有限公司
中央汇金资产管理有限责任公司,上海张江高科技园区开发股份有限公司
中央汇金资产管理有限责任公司,华夏幸福基业股份有限公司
中央汇金资产管理有限责任公司,中青旅控股股份有限公司
中央汇金资产管理有限责任公司,安徽恒源煤电股份有限公司
中央汇金资产管理有限责任公司,中国汽车工程研究院股份有限公司
中央汇金资产管理有限责任公司,时代出版传媒股份有限公司
中央汇金资产管理有限责任公司,中国中材国际工程股份有限公司
中央汇金资产管理有限责任公司,太原化工股份有限公司
中央汇金资产管理有限责任公司,山西省国新能源股份有限公司
中央汇金资产管理有限责任公司,中远海运发展股份有限公司
中央汇金资产管理有限责任公司,金宇生物技术股份有限公司
中央汇金资产管理有限责任公司,广州广日股份有限公司
中央汇金资产管理有限责任公司,重庆燃气集团股份有限公司
中央汇金资产管理有限责任公司,国药集团药业股份有限公司
中央汇金资产管理有限责任公司,江苏阳光股份有限公司
中央汇金资产管理有限责任公司,桐昆集团股份有限公司
中央汇金资产管理有限责任公司,厦门法拉电子股份有限公司
中央汇金资产管理有限责任公司,上海兰生股份有限公司
中央汇金资产管理有限责任公司,宝山钢铁股份有限公司
中央汇金资产管理有限责任公司,重庆水务集团股份有限公司
中央汇金资产管理有限责任公司,天津中新药业集团股份有限公司
中央汇金资产管理有限责任公司,西安陕鼓动力股份有限公司
中央汇金资产管理有限责任公司,新疆冠农果茸股份有限公司
中央汇金资产管理有限责任公司,中国船舶重工股份有限公司
中央汇金资产管理有限责任公司,江苏吴中实业股份有限公司
中央汇金资产管理有限责任公司,江苏综艺股份有限公司
中央汇金资产管理有限责任公司,郑州宇通客车股份有限公司
中央汇金资产管理有限责任公司,王府井集团股份有限公司
中央汇金资产管理有限责任公司,上海外高桥集团股份有限公司
中央汇金资产管理有限责任公司,湖北兴发化工集团股份有限公司
中央汇金资产管理有限责任公司,哈药集团股份有限公司
中央汇金资产管理有限责任公司,郑州煤矿机械集团股份有限公司
中央汇金资产管理有限责任公司,雅戈尔集团股份有限公司
中央汇金资产管理有限责任公司,北京金自天正智能控制股份有限公司
中央汇金资产管理有限责任公司,方大特钢科技股份有限公司
中央汇金资产管理有限责任公司,东方明珠新媒体股份有限公司
中央汇金资产管理有限责任公司,四川东材科技集团股份有限公司
中央汇金资产管理有限责任公司,北京昊华能源股份有限公司
中央汇金资产管理有限责任公司,南京银行股份有限公司
中央汇金资产管理有限责任公司,平顶山天安煤业股份有限公司
中央汇金资产管理有限责任公司,日照港股份有限公司
中央汇金资产管理有限责任公司,马鞍山钢铁股份有限公司
中央汇金资产管理有限责任公司,光大证券股份有限公司
中央汇金资产管理有限责任公司,安徽海螺水泥股份有限公司
中央汇金资产管理有限责任公司,中信重工机械股份有限公司
中央汇金资产管理有限责任公司,中国石化上海石油化工股份有限公司
中央汇金资产管理有限责任公司,江苏中天科技股份有限公司
中央汇金资产管理有限责任公司,中国巨石股份有限公司
中央汇金资产管理有限责任公司,四川路桥建设集团股份有限公司
中央汇金资产管理有限责任公司,中国西电电气股份有限公司
中央汇金资产管理有限责任公司,中远海运特种运输股份有限公司
中央汇金资产管理有限责任公司,宁波舟山港股份有限公司
中央汇金资产管理有限责任公司,东方金钰股份有限公司
中央汇金资产管理有限责任公司,厦门国贸集团股份有限公司
中央汇金资产管理有限责任公司,恒生电子股份有限公司
中央汇金资产管理有限责任公司,国新文化控股股份有限公司
中央汇金资产管理有限责任公司,长城汽车股份有限公司
中央汇金资产管理有限责任公司,中国葛洲坝集团股份有限公司
中央汇金资产管理有限责任公司,太平洋证券股份有限公司
中央汇金资产管理有限责任公司,亚宝药业集团股份有限公司
中央汇金资产管理有限责任公司,北京翠微大厦股份有限公司
中央汇金资产管理有限责任公司,广西梧州中恒集团股份有限公司
中央汇金资产管理有限责任公司,山西通宝能源股份有限公司
中央汇金资产管理有限责任公司,安徽金种子酒业股份有限公司
中央汇金资产管理有限责任公司,安徽合力股份有限公司
中央汇金资产管理有限责任公司,中牧实业股份有限公司
中央汇金资产管理有限责任公司,上海国际机场股份有限公司
中央汇金资产管理有限责任公司,太原重工股份有限公司
中央汇金资产管理有限责任公司,山东黄金矿业股份有限公司
中央汇金资产管理有限责任公司,方大炭素新材料科技股份有限公司
中央汇金资产管理有限责任公司,中国医药健康产业股份有限公司
中央汇金资产管理有限责任公司,中金黄金股份有限公司
中央汇金资产管理有限责任公司,杭州士兰微电子股份有限公司
中央汇金资产管理有限责任公司,中信证券股份有限公司
中央汇金资产管理有限责任公司,大同煤业股份有限公司
中央汇金资产管理有限责任公司,云南煤业能源股份有限公司
中央汇金资产管理有限责任公司,内蒙古蒙电华能热电股份有限公司
中央汇金资产管理有限责任公司,贵州益佰制药股份有限公司
中央汇金资产管理有限责任公司,际华集团股份有限公司
中央汇金资产管理有限责任公司,晋亿实业股份有限公司
中央汇金资产管理有限责任公司,人民网股份有限公司
中央汇金资产管理有限责任公司,上海飞乐音响股份有限公司
中央汇金资产管理有限责任公司,滨化集团股份有限公司
中央汇金资产管理有限责任公司,华泰证券股份有限公司
中央汇金资产管理有限责任公司,国家电投集团远达环保股份有限公司
中央汇金资产管理有限责任公司,中船海洋与防务装备股份有限公司
中央汇金资产管理有限责任公司,海洋石油工程股份有限公司
中央汇金资产管理有限责任公司,中南出版传媒集团股份有限公司
中央汇金资产管理有限责任公司,北京歌华有线电视网络股份有限公司
中央汇金资产管理有限责任公司,浙江新安化工集团股份有限公司
中央汇金资产管理有限责任公司,浙报数字文化集团股份有限公司
中央汇金资产管理有限责任公司,北京首都开发股份有限公司
中央汇金资产管理有限责任公司,马应龙药业集团股份有限公司
中央汇金资产管理有限责任公司,华润双鹤药业股份有限公司
中央汇金资产管理有限责任公司,国电南瑞科技股份有限公司
中央汇金资产管理有限责任公司,株洲时代新材料科技股份有限公司
中央汇金资产管理有限责任公司,天津创业环保集团股份有限公司
中央汇金资产管理有限责任公司,新疆天富能源股份有限公司
中央汇金资产管理有限责任公司,中国航发动力股份有限公司
中央汇金资产管理有限责任公司,海信视像科技股份有限公司
中央汇金资产管理有限责任公司,国网英大股份有限公司
中央汇金资产管理有限责任公司,中远海运能源运输股份有限公司
中央汇金资产管理有限责任公司,中储发展股份有限公司
中央汇金资产管理有限责任公司,江苏亚邦染料股份有限公司
中央汇金资产管理有限责任公司,梅花生物科技集团股份有限公司
中央汇金资产管理有限责任公司,广东依顿电子科技股份有限公司
中央汇金资产管理有限责任公司,昆药集团股份有限公司
中央汇金资产管理有限责任公司,兖州煤业股份有限公司
中央汇金资产管理有限责任公司,湖北济川药业股份有限公司
中央汇金资产管理有限责任公司,浙江东方金融控股集团股份有限公司
中央汇金资产管理有限责任公司,山东金晶科技股份有限公司
中央汇金资产管理有限责任公司,上海航天汽车机电股份有限公司
中央汇金资产管理有限责任公司,苏州晶方半导体科技股份有限公司
中央汇金资产管理有限责任公司,北京天坛生物制品股份有限公司
中央汇金资产管理有限责任公司,三安光电股份有限公司
中央汇金资产管理有限责任公司,大连港股份有限公司
中央汇金资产管理有限责任公司,山煤国际能源集团股份有限公司
中央汇金资产管理有限责任公司,沧州大化股份有限公司
中央汇金资产管理有限责任公司,安信信托股份有限公司
中央汇金资产管理有限责任公司,湘潭电机股份有限公司
中央汇金资产管理有限责任公司,华电国际电力股份有限公司
中央汇金资产管理有限责任公司,中航重机股份有限公司
中央汇金资产管理有限责任公司,金发科技股份有限公司
中央汇金资产管理有限责任公司,贵州茅台酒股份有限公司
中央汇金资产管理有限责任公司,兰州兰石重型装备股份有限公司
中央汇金资产管理有限责任公司,上海氯碱化工股份有限公司
中央汇金资产管理有限责任公司,中海油田服务股份有限公司
中央汇金资产管理有限责任公司,江苏康缘药业股份有限公司
中央汇金资产管理有限责任公司,中粮屯河糖业股份有限公司
中央汇金资产管理有限责任公司,上海环境集团股份有限公司
中央汇金资产管理有限责任公司,厦门钨业股份有限公司
中央汇金资产管理有限责任公司,广州白云山医药集团股份有限公司
中央汇金资产管理有限责任公司,江苏凤凰出版传媒股份有限公司
中央汇金资产管理有限责任公司,广州白云国际机场股份有限公司
中央汇金资产管理有限责任公司,广汇能源股份有限公司
中央汇金资产管理有限责任公司,北方导航控制技术股份有限公司
中央汇金资产管理有限责任公司,兰州长城电工股份有限公司
中央汇金资产管理有限责任公司,环旭电子股份有限公司
中央汇金资产管理有限责任公司,天士力医药集团股份有限公司
中央汇金资产管理有限责任公司,三江购物俱乐部股份有限公司
中央汇金资产管理有限责任公司,贵人鸟股份有限公司
中央汇金资产管理有限责任公司,安琪酵母股份有限公司
中央汇金资产管理有限责任公司,浙江金鹰股份有限公司
中央汇金资产管理有限责任公司,北京首创股份有限公司
中央汇金资产管理有限责任公司,物产中大集团股份有限公司
中央汇金资产管理有限责任公司,浙江医药股份有限公司
中央汇金资产管理有限责任公司,海南矿业股份有限公司
中央汇金资产管理有限责任公司,上海海欣集团股份有限公司
中央汇金资产管理有限责任公司,西南证券股份有限公司
中央汇金资产管理有限责任公司,山西潞安环保能源开发股份有限公司
中央汇金资产管理有限责任公司,中航航空电子系统股份有限公司
中央汇金资产管理有限责任公司,中国石油化工股份有限公司
中央汇金资产管理有限责任公司,国机汽车股份有限公司
中央汇金资产管理有限责任公司,浙大网新科技股份有限公司
中央汇金资产管理有限责任公司,江苏恒瑞医药股份有限公司
中央汇金资产管理有限责任公司,华新水泥股份有限公司
中央汇金资产管理有限责任公司,开滦能源化工股份有限公司
中央汇金资产管理有限责任公司,广东盛路通信科技股份有限公司
中央汇金资产管理有限责任公司,深圳市拓日新能源科技股份有限公司
中央汇金资产管理有限责任公司,深圳市通产丽星股份有限公司
中央汇金资产管理有限责任公司,鞍山森远路桥股份有限公司
中央汇金资产管理有限责任公司,中国重汽集团济南卡车股份有限公司
中央汇金资产管理有限责任公司,远程电缆股份有限公司
中央汇金资产管理有限责任公司,江苏裕兴薄膜科技股份有限公司
中央汇金资产管理有限责任公司,广东新宝电器股份有限公司
中央汇金资产管理有限责任公司,武汉中元华电科技股份有限公司
中央汇金资产管理有限责任公司,中原大地传媒股份有限公司
中央汇金资产管理有限责任公司,广东金莱特电器股份有限公司
中央汇金资产管理有限责任公司,焦作万方铝业股份有限公司
中央汇金资产管理有限责任公司,杭州先锋电子技术股份有限公司
中央汇金资产管理有限责任公司,浙江跃岭股份有限公司
中央汇金资产管理有限责任公司,重庆渝开发股份有限公司
中央汇金资产管理有限责任公司,潍柴重机股份有限公司
中央汇金资产管理有限责任公司,深圳华侨城股份有限公司
中央汇金资产管理有限责任公司,常州光洋轴承股份有限公司
中央汇金资产管理有限责任公司,常州亚玛顿股份有限公司
中央汇金资产管理有限责任公司,四川双马水泥股份有限公司
中央汇金资产管理有限责任公司,云南临沧鑫圆锗业股份有限公司
中央汇金资产管理有限责任公司,天津赛象科技股份有限公司
中央汇金资产管理有限责任公司,深圳世联行集团股份有限公司
中央汇金资产管理有限责任公司,嘉事堂药业股份有限公司
中央汇金资产管理有限责任公司,晶澳太阳能科技股份有限公司
中央汇金资产管理有限责任公司,北京恒华伟业科技股份有限公司
中央汇金资产管理有限责任公司,上海良信电器股份有限公司
中央汇金资产管理有限责任公司,西藏奇正藏药股份有限公司
中央汇金资产管理有限责任公司,浙江凯恩特种材料股份有限公司
中央汇金资产管理有限责任公司,美好置业集团股份有限公司
中央汇金资产管理有限责任公司,唐山冀东水泥股份有限公司
中央汇金资产管理有限责任公司,广州御银科技股份有限公司
中央汇金资产管理有限责任公司,成都天翔环境股份有限公司
中央汇金资产管理有限责任公司,聆达集团股份有限公司
中央汇金资产管理有限责任公司,山东恒邦冶炼股份有限公司
中央汇金资产管理有限责任公司,泰禾集团股份有限公司
中央汇金资产管理有限责任公司,天津泰达股份有限公司
中央汇金资产管理有限责任公司,湖南黄金股份有限公司
中央汇金资产管理有限责任公司,重庆三圣实业股份有限公司
中央汇金资产管理有限责任公司,武汉光迅科技股份有限公司
中央汇金资产管理有限责任公司,中国有色金属建设股份有限公司
中央汇金资产管理有限责任公司,攀钢集团钒钛资源股份有限公司
中央汇金资产管理有限责任公司,湖南长高高压开关集团股份公司
中央汇金资产管理有限责任公司,江铃汽车股份有限公司
中央汇金资产管理有限责任公司,北京双杰电气股份有限公司
中央汇金资产管理有限责任公司,杭州老板电器股份有限公司
中央汇金资产管理有限责任公司,中信海洋直升机股份有限公司
中央汇金资产管理有限责任公司,海航投资集团股份有限公司
中央汇金资产管理有限责任公司,山东省章丘鼓风机股份有限公司
中央汇金资产管理有限责任公司,国元证券股份有限公司
中央汇金资产管理有限责任公司,大悦城控股集团股份有限公司
中央汇金资产管理有限责任公司,江苏联发纺织股份有限公司
中央汇金资产管理有限责任公司,湖北福星科技股份有限公司
中央汇金资产管理有限责任公司,华数传媒控股股份有限公司
中央汇金资产管理有限责任公司,镇江东方电热科技股份有限公司
中央汇金资产管理有限责任公司,浙富控股集团股份有限公司
中央汇金资产管理有限责任公司,杭州制氧机集团股份有限公司
中央汇金资产管理有限责任公司,北京蓝色光标数据科技股份有限公司
中央汇金资产管理有限责任公司,北京东方雨虹防水技术股份有限公司
中央汇金资产管理有限责任公司,天虹数科商业股份有限公司
中央汇金资产管理有限责任公司,天津力生制药股份有限公司
中央汇金资产管理有限责任公司,山东墨龙石油机械股份有限公司
中央汇金资产管理有限责任公司,东北证券股份有限公司
中央汇金资产管理有限责任公司,新疆国统管道股份有限公司
中央汇金资产管理有限责任公司,深圳王子新材料股份有限公司
中央汇金资产管理有限责任公司,中国南玻集团股份有限公司
中央汇金资产管理有限责任公司,湖南尔康制药股份有限公司
中央汇金资产管理有限责任公司,浙江伟星新型建材股份有限公司
中央汇金资产管理有限责任公司,湖北能源集团股份有限公司
中央汇金资产管理有限责任公司,利尔化学股份有限公司
中央汇金资产管理有限责任公司,江苏紫天传媒科技股份有限公司
中央汇金资产管理有限责任公司,北京赛微电子股份有限公司
中央汇金资产管理有限责任公司,徐工集团工程机械股份有限公司
中央汇金资产管理有限责任公司,南京红太阳股份有限公司
中央汇金资产管理有限责任公司,重庆梅安森科技股份有限公司
中央汇金资产管理有限责任公司,腾邦国际商业服务集团股份有限公司
中央汇金资产管理有限责任公司,顺发恒业股份公司
中央汇金资产管理有限责任公司,广州天赐高新材料股份有限公司
中央汇金资产管理有限责任公司,杭州海康威视数字技术股份有限公司
中央汇金资产管理有限责任公司,泛海控股股份有限公司
中央汇金资产管理有限责任公司,楚天科技股份有限公司
中央汇金资产管理有限责任公司,北京东方通科技股份有限公司
中央汇金资产管理有限责任公司,安徽富煌钢构股份有限公司
中央汇金资产管理有限责任公司,渤海租赁股份有限公司
中央汇金资产管理有限责任公司,杭州巨星科技股份有限公司
中央汇金资产管理有限责任公司,河北建投能源投资股份有限公司
中央汇金资产管理有限责任公司,深圳市瑞丰光电子股份有限公司
中央汇金资产管理有限责任公司,万科企业股份有限公司
中央汇金资产管理有限责任公司,苏宁易购集团股份有限公司
中央汇金资产管理有限责任公司,烟台泰和新材料股份有限公司
中央汇金资产管理有限责任公司,浙江华峰氨纶股份有限公司
中央汇金资产管理有限责任公司,中矿资源集团股份有限公司
中央汇金资产管理有限责任公司,广州市广百股份有限公司
中央汇金资产管理有限责任公司,山东阳谷华泰化工股份有限公司
中央汇金资产管理有限责任公司,中电环保股份有限公司
中央汇金资产管理有限责任公司,现代投资股份有限公司
中央汇金资产管理有限责任公司,新华联文化旅游发展股份有限公司
中央汇金资产管理有限责任公司,蓝思科技股份有限公司
中央汇金资产管理有限责任公司,国海证券股份有限公司
中央汇金资产管理有限责任公司,沈阳萃华金银珠宝股份有限公司
中央汇金资产管理有限责任公司,山西证券股份有限公司
中央汇金资产管理有限责任公司,中颖电子股份有限公司
中央汇金资产管理有限责任公司,南京宝色股份公司
中央汇金资产管理有限责任公司,芜湖长信科技股份有限公司
中央汇金资产管理有限责任公司,浙江闰土股份有限公司
中央汇金资产管理有限责任公司,宏达高科控股股份有限公司
中央汇金资产管理有限责任公司,北京北纬通信科技股份有限公司
中央汇金资产管理有限责任公司,云南旅游股份有限公司
中央汇金资产管理有限责任公司,佛山电器照明股份有限公司
中央汇金资产管理有限责任公司,TCL科技集团股份有限公司
中央汇金资产管理有限责任公司,金轮蓝海股份有限公司
中央汇金资产管理有限责任公司,山东新北洋信息技术股份有限公司
中央汇金资产管理有限责任公司,烟台张裕葡萄酿酒股份有限公司
中央汇金资产管理有限责任公司,株洲天桥起重机股份有限公司
中央汇金资产管理有限责任公司,齐峰新材料股份有限公司
中央汇金资产管理有限责任公司,山西太钢不锈钢股份有限公司
中央汇金资产管理有限责任公司,宁波银行股份有限公司
中央汇金资产管理有限责任公司,北京博晖创新生物技术股份有限公司
中央汇金资产管理有限责任公司,荣盛石化股份有限公司
中央汇金资产管理有限责任公司,浙江仙琚制药股份有限公司
中央汇金资产管理有限责任公司,宜宾五粮液股份有限公司
中央汇金资产管理有限责任公司,昇兴集团股份有限公司
中央汇金资产管理有限责任公司,印纪娱乐传媒股份有限公司
中央汇金资产管理有限责任公司,河南神火煤电股份有限公司
中央汇金资产管理有限责任公司,保定乐凯新材料股份有限公司
中央汇金资产管理有限责任公司,上海悦心健康集团股份有限公司
中央汇金资产管理有限责任公司,苏州斯莱克精密设备股份有限公司
中央汇金资产管理有限责任公司,东易日盛家居装饰集团股份有限公司
中央汇金资产管理有限责任公司,冀中能源股份有限公司
中央汇金资产管理有限责任公司,汉王科技股份有限公司
中央汇金资产管理有限责任公司,深圳汇洁集团股份有限公司
中央汇金资产管理有限责任公司,通裕重工股份有限公司
中央汇金资产管理有限责任公司,西部金属材料股份有限公司
中央汇金资产管理有限责任公司,西部证券股份有限公司
中央汇金资产管理有限责任公司,孚日集团股份有限公司
中央汇金资产管理有限责任公司,吉林敖东药业集团股份有限公司
中央汇金资产管理有限责任公司,江苏华盛天龙光电设备股份有限公司
中央汇金资产管理有限责任公司,成都市兴蓉环境股份有限公司
中央汇金资产管理有限责任公司,包头东宝生物技术股份有限公司
中央汇金资产管理有限责任公司,成都银河磁体股份有限公司
中央汇金资产管理有限责任公司,北京神州泰岳软件股份有限公司
中央汇金资产管理有限责任公司,任子行网络技术股份有限公司
中央汇金资产管理有限责任公司,广东宝莱特医用科技股份有限公司
中央汇金资产管理有限责任公司,苏州金螳螂建筑装饰股份有限公司
中央汇金资产管理有限责任公司,北京掌趣科技股份有限公司
中央汇金资产管理有限责任公司,重庆市涪陵榨菜集团股份有限公司
中央汇金资产管理有限责任公司,内蒙古平庄能源股份有限公司
中央汇金资产管理有限责任公司,广西柳工机械股份有限公司
中央汇金资产管理有限责任公司,中航飞机股份有限公司
中央汇金资产管理有限责任公司,国信证券股份有限公司
中央汇金资产管理有限责任公司,山东威达机械股份有限公司
中央汇金资产管理有限责任公司,广州阳普医疗科技股份有限公司
中央汇金资产管理有限责任公司,金杯电工股份有限公司
中央汇金资产管理有限责任公司,浙江苏泊尔股份有限公司
中央汇金资产管理有限责任公司,深圳市劲拓自动化设备股份有限公司
中央汇金资产管理有限责任公司,海伦钢琴股份有限公司
中央汇金资产管理有限责任公司,北大医药股份有限公司
中央汇金资产管理有限责任公司,深圳市海王生物工程股份有限公司
中央汇金资产管理有限责任公司,申万宏源集团股份有限公司
中央汇金资产管理有限责任公司,海宁中国皮革城股份有限公司
中央汇金资产管理有限责任公司,天津凯发电气股份有限公司
中央汇金资产管理有限责任公司,内蒙古福瑞医疗科技股份有限公司
中央汇金资产管理有限责任公司,东方财富信息股份有限公司
中央汇金资产管理有限责任公司,启明信息技术股份有限公司
中央汇金资产管理有限责任公司,广州市香雪制药股份有限公司
中央汇金资产管理有限责任公司,荣盛房地产发展股份有限公司
中央汇金资产管理有限责任公司,福建金森林业股份有限公司
中央汇金资产管理有限责任公司,杭州滨江房产集团股份有限公司
中央汇金资产管理有限责任公司,三丰智能装备集团股份有限公司
中央汇金资产管理有限责任公司,盛达金属资源股份有限公司
中央汇金资产管理有限责任公司,深圳市汇川技术股份有限公司
中央汇金资产管理有限责任公司,深圳能源集团股份有限公司
中央汇金资产管理有限责任公司,上海新阳半导体材料股份有限公司
中央汇金资产管理有限责任公司,万邦德医药控股集团股份有限公司
中央汇金资产管理有限责任公司,珠海格力电器股份有限公司
中央汇金资产管理有限责任公司,深圳市尚荣医疗股份有限公司
中央汇金资产管理有限责任公司,步步高商业连锁股份有限公司
中央汇金资产管理有限责任公司,红宝丽集团股份有限公司
中央汇金资产管理有限责任公司,昆明龙津药业股份有限公司
中央汇金资产管理有限责任公司,青海互助青稞酒股份有限公司
中央汇金资产管理有限责任公司,江苏洋河酒厂股份有限公司
中央汇金资产管理有限责任公司,日海智能科技股份有限公司
中央汇金资产管理有限责任公司,福建七匹狼实业股份有限公司
中央汇金资产管理有限责任公司,奥瑞金科技股份有限公司
中央汇金资产管理有限责任公司,浙江水晶光电科技股份有限公司
中央汇金资产管理有限责任公司,上海科华生物工程股份有限公司
中央汇金资产管理有限责任公司,无锡雪浪环境科技股份有限公司
中央汇金资产管理有限责任公司,龙洲集团股份有限公司
中央汇金资产管理有限责任公司,北京中长石基信息技术股份有限公司
中央汇金资产管理有限责任公司,佛山市南华仪器股份有限公司
中央汇金资产管理有限责任公司,陕西省天然气股份有限公司
中央汇金资产管理有限责任公司,湖北台基半导体股份有限公司
中央汇金资产管理有限责任公司,桂林三金药业股份有限公司
中央汇金资产管理有限责任公司,合肥百货大楼集团股份有限公司
中央汇金资产管理有限责任公司,浙江大华技术股份有限公司
中央汇金资产管理有限责任公司,中节能环保装备股份有限公司
中央汇金资产管理有限责任公司,沈阳新松机器人自动化股份有限公司
中央汇金资产管理有限责任公司,上海顺灏新材料科技股份有限公司
中央汇金资产管理有限责任公司,南京全信传输科技股份有限公司
中央汇金资产管理有限责任公司,北京顺鑫农业股份有限公司
中央汇金资产管理有限责任公司,旗天科技集团股份有限公司
中央汇金资产管理有限责任公司,广州中海达卫星导航技术股份有限公司
中央汇金资产管理有限责任公司,深圳新宙邦科技股份有限公司
中央汇金资产管理有限责任公司,深圳市麦捷微电子科技股份有限公司
中央汇金资产管理有限责任公司,五矿稀土股份有限公司
中央汇金资产管理有限责任公司,成都振芯科技股份有限公司
中央汇金资产管理有限责任公司,启迪环境科技发展股份有限公司
中央汇金资产管理有限责任公司,新疆国际实业股份有限公司
中央汇金资产管理有限责任公司,内蒙古霍林河露天煤业股份有限公司
中央汇金资产管理有限责任公司,航天彩虹无人机股份有限公司
中央汇金资产管理有限责任公司,深圳翰宇药业股份有限公司
中央汇金资产管理有限责任公司,深圳市长盈精密技术股份有限公司
中央汇金资产管理有限责任公司,海思科医药集团股份有限公司
中央汇金资产管理有限责任公司,二六三网络通信股份有限公司
中央汇金资产管理有限责任公司,杭州初灵信息技术股份有限公司
中央汇金资产管理有限责任公司,山西仟源医药集团股份有限公司
中央汇金资产管理有限责任公司,江苏通光电子线缆股份有限公司
中央汇金资产管理有限责任公司,杭州中威电子股份有限公司
中央汇金资产管理有限责任公司,深圳市德赛电池科技股份有限公司
中央汇金资产管理有限责任公司,江苏三六五网络股份有限公司
中央汇金资产管理有限责任公司,江门市科恒实业股份有限公司
中央汇金资产管理有限责任公司,广东锦龙发展股份有限公司
中央汇金资产管理有限责任公司,浙江核新同花顺网络信息股份有限公司
中央汇金资产管理有限责任公司,山东鲁阳节能材料股份有限公司
中央汇金资产管理有限责任公司,洛阳北方玻璃技术股份有限公司
中央汇金资产管理有限责任公司,江西黑猫炭黑股份有限公司
中央汇金资产管理有限责任公司,鲁西化工集团股份有限公司
中央汇金资产管理有限责任公司,珠海和佳医疗设备股份有限公司
中央汇金资产管理有限责任公司,大连电瓷集团股份有限公司
中央汇金资产管理有限责任公司,许继电气股份有限公司
中央汇金资产管理有限责任公司,深圳市深粮控股股份有限公司
中央汇金资产管理有限责任公司,焦点科技股份有限公司
中央汇金资产管理有限责任公司,巨轮智能装备股份有限公司
中央汇金资产管理有限责任公司,浙江向日葵大健康科技股份有限公司
中央汇金资产管理有限责任公司,深圳市惠程信息科技股份有限公司
中央汇金资产管理有限责任公司,四川科新机电股份有限公司
中央汇金资产管理有限责任公司,宁波慈星股份有限公司
中央汇金资产管理有限责任公司,软控股份有限公司
中央汇金资产管理有限责任公司,北部湾港股份有限公司
中央汇金资产管理有限责任公司,福建福晶科技股份有限公司
中央汇金资产管理有限责任公司,上海美特斯邦威服饰股份有限公司
中央汇金资产管理有限责任公司,史丹利农业集团股份有限公司
中央汇金资产管理有限责任公司,广东世荣兆业股份有限公司
中央汇金资产管理有限责任公司,金洲慈航集团股份有限公司
中央汇金资产管理有限责任公司,江苏长青农化股份有限公司
中央汇金资产管理有限责任公司,朗源股份有限公司
中央汇金资产管理有限责任公司,罗莱生活科技股份有限公司
中央汇金资产管理有限责任公司,湖南友谊阿波罗商业股份有限公司
中央汇金资产管理有限责任公司,山东海化股份有限公司
中央汇金资产管理有限责任公司,恒宝股份有限公司
中央汇金资产管理有限责任公司,苏州苏试试验集团股份有限公司
中央汇金资产管理有限责任公司,格林美股份有限公司
中央汇金资产管理有限责任公司,江西世龙实业股份有限公司
中央汇金资产管理有限责任公司,东华工程科技股份有限公司
中央汇金资产管理有限责任公司,潜江永安药业股份有限公司
中央汇金资产管理有限责任公司,宁夏东方钽业股份有限公司
中央汇金资产管理有限责任公司,广州珠江钢琴集团股份有限公司
中央汇金资产管理有限责任公司,上海泰胜风能装备股份有限公司
中央汇金资产管理有限责任公司,中山大学达安基因股份有限公司
中央汇金资产管理有限责任公司,浙江亚厦装饰股份有限公司
中央汇金资产管理有限责任公司,山东同大海岛新材料股份有限公司
中央汇金资产管理有限责任公司,广东风华高新科技股份有限公司
中央汇金资产管理有限责任公司,重庆长安汽车股份有限公司
中央汇金资产管理有限责任公司,北京大北农科技集团股份有限公司
中央汇金资产管理有限责任公司,神思电子技术股份有限公司
中央汇金资产管理有限责任公司,深圳长城开发科技股份有限公司
中央汇金资产管理有限责任公司,四川中光防雷科技股份有限公司
中央汇金资产管理有限责任公司,浙江哈尔斯真空器皿股份有限公司
中央汇金资产管理有限责任公司,福建星网锐捷通讯股份有限公司
中央汇金资产管理有限责任公司,三变科技股份有限公司
中央汇金资产管理有限责任公司,贵州百灵企业集团制药股份有限公司
中央汇金资产管理有限责任公司,旷达科技集团股份有限公司
中央汇金资产管理有限责任公司,江苏双星彩塑新材料股份有限公司
中央汇金资产管理有限责任公司,湖南南岭民用爆破器材股份有限公司
中央汇金资产管理有限责任公司,天康生物股份有限公司
中央汇金资产管理有限责任公司,永高股份有限公司
中央汇金资产管理有限责任公司,广发证券股份有限公司
中央汇金资产管理有限责任公司,汉宇集团股份有限公司
中央汇金资产管理有限责任公司,安徽古井贡酒股份有限公司
中央汇金资产管理有限责任公司,京东方科技集团股份有限公司
中央汇金资产管理有限责任公司,东华软件股份公司
中央汇金资产管理有限责任公司,福建闽东电力股份有限公司
中央汇金资产管理有限责任公司,深圳市中金岭南有色金属股份有限公司
中央汇金资产管理有限责任公司,厚普清洁能源股份有限公司
中央汇金资产管理有限责任公司,浙江海翔药业股份有限公司
中央汇金资产管理有限责任公司,大族激光科技产业集团股份有限公司
中央汇金资产管理有限责任公司,广东鸿图科技股份有限公司
中央汇金资产管理有限责任公司,浙江万里扬股份有限公司
中央汇金资产管理有限责任公司,江苏亿通高科技股份有限公司
中央汇金资产管理有限责任公司,北京中科三环高技术股份有限公司
中央汇金资产管理有限责任公司,南通江海电容器股份有限公司
中央汇金资产管理有限责任公司,平安银行股份有限公司
中央汇金资产管理有限责任公司,吉林紫鑫药业股份有限公司
中央汇金资产管理有限责任公司,广东领益智造股份有限公司
中央汇金资产管理有限责任公司,天音通信控股股份有限公司
中央汇金资产管理有限责任公司,河南双汇投资发展股份有限公司
中央汇金资产管理有限责任公司,江苏太平洋精锻科技股份有限公司
中央汇金资产管理有限责任公司,中山公用事业集团股份有限公司
中央汇金资产管理有限责任公司,珠海市乐通化工股份有限公司
中央汇金资产管理有限责任公司,丽江玉龙旅游股份有限公司
中央汇金资产管理有限责任公司,中兴通讯股份有限公司
中央汇金资产管理有限责任公司,歌尔股份有限公司
中央汇金资产管理有限责任公司,兰州佛慈制药股份有限公司
中央汇金资产管理有限责任公司,辽宁科隆精细化工股份有限公司
中央汇金资产管理有限责任公司,深圳华强实业股份有限公司
中央汇金资产管理有限责任公司,贵州黔源电力股份有限公司
中央汇金资产管理有限责任公司,中粮资本控股股份有限公司
中央汇金资产管理有限责任公司,江苏通润装备科技股份有限公司
中央汇金资产管理有限责任公司,广东燕塘乳业股份有限公司
中央汇金资产管理有限责任公司,华润三九医药股份有限公司
中央汇金资产管理有限责任公司,美的集团股份有限公司
中央汇金资产管理有限责任公司,上海金力泰化工股份有限公司
中央汇金资产管理有限责任公司,广东德联集团股份有限公司
中央汇金资产管理有限责任公司,北京嘉寓门窗幕墙股份有限公司
中央汇金资产管理有限责任公司,浙江棒杰控股集团股份有限公司
中央汇金资产管理有限责任公司,海控南海发展股份有限公司
中央汇金资产管理有限责任公司,安徽安利材料科技股份有限公司
中央汇金资产管理有限责任公司,温州宏丰电工合金股份有限公司
中央汇金资产管理有限责任公司,广东天际电器股份有限公司
中央汇金资产管理有限责任公司,北京恒通创新赛木科技股份有限公司
中央汇金资产管理有限责任公司,博深股份有限公司
中央汇金资产管理有限责任公司,华工科技产业股份有限公司
中央汇金资产管理有限责任公司,深圳兆日科技股份有限公司
中央汇金资产管理有限责任公司,海洋王照明科技股份有限公司
中央汇金资产管理有限责任公司,宁夏青龙管业集团股份有限公司
中央汇金资产管理有限责任公司,新疆北新路桥集团股份有限公司
中央汇金资产管理有限责任公司,青岛东软载波科技股份有限公司
中央汇金资产管理有限责任公司,吉林省集安益盛药业股份有限公司
中央汇金资产管理有限责任公司,保龄宝生物股份有限公司
中央汇金资产管理有限责任公司,一汽解放集团股份有限公司
中央汇金资产管理有限责任公司,中文天地出版传媒集团股份有限公司
中央汇金资产管理有限责任公司,广晟有色金属股份有限公司
中央汇金资产管理有限责任公司,中视传媒股份有限公司
中央汇金资产管理有限责任公司,上海医药集团股份有限公司
中央汇金资产管理有限责任公司,上海机电股份有限公司
中央汇金资产管理有限责任公司,山东新华医疗器械股份有限公司
中央汇金资产管理有限责任公司,漳州片仔癀药业股份有限公司
中央汇金资产管理有限责任公司,甘肃祁连山水泥集团股份有限公司
中央汇金资产管理有限责任公司,浙江海正药业股份有限公司
中央汇金资产管理有限责任公司,万华化学集团股份有限公司
中央汇金资产管理有限责任公司,中体产业集团股份有限公司
中央汇金资产管理有限责任公司,隆基绿能科技股份有限公司
中央汇金资产管理有限责任公司,宁波杉杉股份有限公司
中央汇金资产管理有限责任公司,东方电气股份有限公司
中央汇金资产管理有限责任公司,浙江华海药业股份有限公司
中央汇金资产管理有限责任公司,海越能源集团股份有限公司
中央汇金资产管理有限责任公司,北京同仁堂股份有限公司
中央汇金资产管理有限责任公司,新疆塔里木农业综合开发股份有限公司
中央汇金资产管理有限责任公司,江苏长电科技股份有限公司
中央汇金资产管理有限责任公司,北汽福田汽车股份有限公司
中央汇金资产管理有限责任公司,成都博瑞传播股份有限公司
中央汇金资产管理有限责任公司,成都市路桥工程股份有限公司
中央汇金资产管理有限责任公司,成都红旗连锁股份有限公司
中央汇金资产管理有限责任公司,中国外运股份有限公司
中央汇金资产管理有限责任公司,鲁信创业投资集团股份有限公司
中央汇金资产管理有限责任公司,北京金隅集团股份有限公司
中央汇金资产管理有限责任公司,山东龙大肉食品股份有限公司
中央汇金资产管理有限责任公司,四川长虹电器股份有限公司
中央汇金资产管理有限责任公司,北京银行股份有限公司
中央汇金资产管理有限责任公司,无锡威孚高科技集团股份有限公司
中央汇金资产管理有限责任公司,四川川大智胜软件股份有限公司
中央汇金资产管理有限责任公司,长园集团股份有限公司
中央汇金资产管理有限责任公司,北京三元食品股份有限公司
中央汇金资产管理有限责任公司,上海陆家嘴金融贸易区开发股份有限公司
中央汇金资产管理有限责任公司,山东得利斯食品股份有限公司
中央汇金资产管理有限责任公司,东港股份有限公司
中央汇金资产管理有限责任公司,鲁泰纺织股份有限公司
中央汇金资产管理有限责任公司,九阳股份有限公司
中央汇金资产管理有限责任公司,山东晨鸣纸业集团股份有限公司
中央汇金资产管理有限责任公司,烟台龙源电力技术股份有限公司
中央汇金资产管理有限责任公司,潍柴动力股份有限公司
中央汇金资产管理有限责任公司,广东宝丽华新能源股份有限公司
中央汇金资产管理有限责任公司,华电重工股份有限公司
中央汇金资产管理有限责任公司,吉视传媒股份有限公司
中央汇金资产管理有限责任公司,方正证券股份有限公司
中央汇金资产管理有限责任公司,中国中铁股份有限公司
中央汇金资产管理有限责任公司,航天长征化学工程股份有限公司
中央汇金资产管理有限责任公司,南京科远智慧科技集团股份有限公司
中央汇金资产管理有限责任公司,首航高科能源技术股份有限公司
中央汇金资产管理有限责任公司,上海飞凯光电材料股份有限公司
中央汇金资产管理有限责任公司,北京科锐配电自动化股份有限公司
中央汇金资产管理有限责任公司,龙蟒佰利联集团股份有限公司
中央汇金资产管理有限责任公司,江苏亚太轻合金科技股份有限公司
中央汇金资产管理有限责任公司,康跃科技股份有限公司
中央汇金资产管理有限责任公司,航天信息股份有限公司
中央汇金资产管理有限责任公司,紫光国芯微电子股份有限公司
中央汇金资产管理有限责任公司,多喜爱集团股份有限公司
中央汇金资产管理有限责任公司,新天科技股份有限公司
航天晨光股份有限公司,航天云网科技发展有限责任公司
中国卫通集团股份有限公司,航天投资控股有限公司
云南省工业投资控股集团有限责任公司,云南铜业股份有限公司
云南省工业投资控股集团有限责任公司,云南西仪工业股份有限公司
云南省工业投资控股集团有限责任公司,云南能源投资股份有限公司
云南省工业投资控股集团有限责任公司,昆药集团股份有限公司
云南省工业投资控股集团有限责任公司,红塔证券股份有限公司
中国光大投资管理有限责任公司,航天投资控股有限公司
深圳明德控股发展有限公司,顺丰控股股份有限公司
深圳明德控股发展有限公司,顺丰控股股份有限公司
深圳明德控股发展有限公司,顺丰控股股份有限公司
深圳明德控股发展有限公司,顺丰控股股份有限公司
深圳明德控股发展有限公司,顺丰控股股份有限公司
横店集团东磁股份有限公司,南华期货股份有限公司
广东因赛投资有限公司,广东因赛品牌营销集团股份有限公司
中国汽车工业总公司,国泰君安证券股份有限公司
中国汽车工业总公司,国泰君安投资管理股份有限公司
云南锡业公司,云南锡业公司建筑安装总公司
云南锡业公司,云南锡业郴州实业投资有限责任公司
云南锡业公司,国泰君安证券股份有限公司
浙富控股集团股份有限公司,上海二三四五网络控股集团股份有限公司
深圳市能源集团有限公司,国泰君安证券股份有限公司
山东黄金矿业股份有限公司,山东金洲矿业集团有限公司
山东黄金矿业股份有限公司,西和县中宝矿业有限公司
山东黄金矿业股份有限公司,山金金控资本管理有限公司
山东黄金矿业股份有限公司,赤峰柴胡栏子黄金矿业有限公司
江苏省汽车运输公司,江苏宁沪高速公路股份有限公司
江苏省汽车运输公司,江苏宁沪高速公路股份有限公司
西安航天科技工业有限公司,航天时代置业发展有限公司
西安航天科技工业有限公司,北京航天时代天盛物业管理有限公司
西安航天科技工业有限公司,北京航化节能环保技术有限公司
西安航天科技工业有限公司,航天投资控股有限公司
中国钢研科技集团有限公司,钢研大慧投资有限公司
中国钢研科技集团有限公司,北京钢研高纳科技股份有限公司
中国钢研科技集团有限公司,安泰科技股份有限公司
中国钢研科技集团有限公司,北京金自天正智能控制股份有限公司
中国钢研科技集团有限公司,钢研纳克检测技术股份有限公司
天津市国有资产经营有限责任公司,华夏证券股份有限公司
天津市国有资产经营有限责任公司,国泰君安证券股份有限公司
天津市国有资产经营有限责任公司,天津泰达投资控股有限公司
兖矿集团有限公司,日照港股份有限公司
兖矿集团有限公司,国泰君安证券股份有限公司
兖矿集团有限公司,兖州煤业股份有限公司
兖矿集团有限公司,兖州煤业股份有限公司
兖矿集团有限公司,兖州煤业股份有限公司
一汽储运有限公司,一汽运输有限公司
三一重工股份有限公司,长沙银行股份有限公司
中国南方工业集团公司,中光学集团股份有限公司
中国人寿保险股份有限公司,中国铝业股份有限公司
中国人寿保险股份有限公司,中国邮政储蓄银行股份有限公司
中国人寿保险股份有限公司,中国船舶工业股份有限公司
中国经济开发信托投资公司,国泰君安证券股份有限公司
沈阳中一集团有限公司,云南西仪工业股份有限公司
沈阳中一集团有限公司,北京钢研高纳科技股份有限公司
中国银河证券股份有限公司,新疆八一钢铁股份有限公司
中国银河证券股份有限公司,中信建投证券股份有限公司
中国银河证券股份有限公司,迪瑞医疗科技股份有限公司
中国银河证券股份有限公司,证通股份有限公司
中国银河证券股份有限公司,华达汽车科技股份有限公司
梅州敬基实业有限公司,广州广电运通金融电子股份有限公司
江苏省海外企业集团有限公司,华泰证券股份有限公司
广州造船厂,国泰君安证券股份有限公司
三河华冠资源技术有限公司,盛达金属资源股份有限公司
深圳市投资管理公司,国泰君安证券股份有限公司
厦门国贸集团股份有限公司,海通证券股份有限公司
深圳市投资控股有限公司,国泰君安证券股份有限公司
深圳市投资控股有限公司,国信证券股份有限公司
深圳市投资控股有限公司,深圳能源集团股份有限公司
深圳市投资控股有限公司,天音通信控股股份有限公司
深圳市投资控股有限公司,深圳市铁汉生态环境股份有限公司
瑞银证券有限责任公司,中信建投证券股份有限公司
机器人控股有限公司,富士康工业互联网股份有限公司
北京掌趣科技股份有限公司,北京乐客灵境科技有限公司
杭州士兰微电子股份有限公司,江苏长电科技股份有限公司
西部证券股份有限公司,贵州航天电器股份有限公司
上海梅山矿业有限公司,华泰证券股份有限公司
世纪金源投资集团有限公司,中信建投证券股份有限公司
世纪金源投资集团有限公司,中信建投证券股份有限公司
世纪金源投资集团有限公司,北京银行股份有限公司
世纪金源投资集团有限公司,中信建投证券股份有限公司
宁波杉杉股份有限公司,宁波银行股份有限公司
宁波杉杉股份有限公司,上海航天电源技术有限责任公司
安泰科技股份有限公司,钢研大慧投资有限公司
华侨城集团公司,国泰君安证券股份有限公司
维科技术股份有限公司,广东鸿图科技股份有限公司
广东广晟有色金属集团有限公司,深圳市中金岭南有色金属股份有限公司
中国国际工程咨询公司,华夏证券股份有限公司
中国国际工程咨询公司,国泰君安证券股份有限公司
旗天科技集团股份有限公司,上海旗计智能科技有限公司
中国国投高新产业投资有限公司,内蒙古福瑞医疗科技股份有限公司
中国国投高新产业投资有限公司,航天投资控股有限公司
中国国投高新产业投资有限公司,国投创新投资管理有限公司
香港中央结算有限公司,中国建设银行股份有限公司
香港中央结算有限公司,广东汕头超声电子股份有限公司
香港中央结算有限公司,青岛鼎信通讯股份有限公司
香港中央结算有限公司,云南驰宏锌锗股份有限公司
香港中央结算有限公司,海尔智家股份有限公司
香港中央结算有限公司,中远海运控股股份有限公司
香港中央结算有限公司,金堆城钼业股份有限公司
香港中央结算有限公司,江西铜业股份有限公司
香港中央结算有限公司,紫金矿业集团股份有限公司
香港中央结算有限公司,山东南山铝业股份有限公司
香港中央结算有限公司,四川川投能源股份有限公司
香港中央结算有限公司,文峰大世界连锁发展股份有限公司
香港中央结算有限公司,中国银行股份有限公司
香港中央结算有限公司,中信银行股份有限公司
香港中央结算有限公司,中国交通建设股份有限公司
香港中央结算有限公司,上海世茂股份有限公司
香港中央结算有限公司,保利发展控股集团股份有限公司
香港中央结算有限公司,深圳市燃气集团股份有限公司
香港中央结算有限公司,中国化学工程股份有限公司
香港中央结算有限公司,安徽恒源煤电股份有限公司
香港中央结算有限公司,金宇生物技术股份有限公司
香港中央结算有限公司,宝山钢铁股份有限公司
香港中央结算有限公司,郑州宇通客车股份有限公司
香港中央结算有限公司,东方明珠新媒体股份有限公司
香港中央结算有限公司,南京银行股份有限公司
香港中央结算有限公司,日照港股份有限公司
香港中央结算有限公司,安徽海螺水泥股份有限公司
香港中央结算有限公司,中国石化上海石油化工股份有限公司
香港中央结算有限公司,厦门国贸集团股份有限公司
香港中央结算有限公司,中国葛洲坝集团股份有限公司
香港中央结算有限公司,太平洋证券股份有限公司
香港中央结算有限公司,中信证券股份有限公司
香港中央结算有限公司,大同煤业股份有限公司
香港中央结算有限公司,财通证券股份有限公司
香港中央结算有限公司,中南出版传媒集团股份有限公司
香港中央结算有限公司,浙江新安化工集团股份有限公司
香港中央结算有限公司,贵州茅台酒股份有限公司
香港中央结算有限公司,广东锦龙发展股份有限公司
香港中央结算有限公司,广东风华高新科技股份有限公司
香港中央结算有限公司,中兴通讯股份有限公司
香港中央结算有限公司,浙江华海药业股份有限公司
香港中央结算有限公司,中国外运股份有限公司
香港中央结算有限公司,北京银行股份有限公司
香港中央结算有限公司,上海环境集团股份有限公司
香港中央结算有限公司,国泰君安证券股份有限公司
香港中央结算有限公司,方正证券股份有限公司
香港中央结算有限公司,光大证券股份有限公司
香港中央结算有限公司,上海银行股份有限公司
香港中央结算有限公司,广东宝丽华新能源股份有限公司
香港中央结算有限公司,广东依顿电子科技股份有限公司
香港中央结算有限公司,浙江中国小商品城集团股份有限公司
香港中央结算有限公司,中国船舶重工股份有限公司
香港中央结算有限公司,安徽古井贡酒股份有限公司
香港中央结算有限公司,印纪娱乐传媒股份有限公司
香港中央结算有限公司,北京华业资本控股股份有限公司
香港中央结算有限公司,华泰证券股份有限公司
香港中央结算有限公司,江苏宏图高科技股份有限公司
香港中央结算有限公司,贵州益佰制药股份有限公司
香港中央结算有限公司,浙江长城电工科技股份有限公司
香港中央结算有限公司,中国东方航空股份有限公司
香港中央结算有限公司,交通银行股份有限公司
香港中央结算有限公司,中信银行股份有限公司
香港中央结算有限公司,中国重汽集团济南卡车股份有限公司
香港中央结算有限公司,潍柴动力股份有限公司
香港中央结算有限公司,光大证券股份有限公司
香港中央结算有限公司,步步高商业连锁股份有限公司
香港中央结算有限公司,宁波杉杉股份有限公司
香港中央结算有限公司,中国南方航空股份有限公司
香港中央结算有限公司,广西柳工机械股份有限公司
香港中央结算有限公司,上海汽车集团股份有限公司
香港中央结算有限公司,上海汽车集团股份有限公司
香港中央结算有限公司,兖州煤业股份有限公司
香港中央结算有限公司,山东恒邦冶炼股份有限公司
香港中央结算有限公司,中国石化上海石油化工股份有限公司
香港中央结算有限公司,浙江美大实业股份有限公司
香港中央结算有限公司,万科企业股份有限公司
香港中央结算有限公司,上海百联集团股份有限公司
香港中央结算有限公司,通化东宝药业股份有限公司
香港中央结算有限公司,中国工商银行股份有限公司
香港中央结算有限公司,北京北辰实业股份有限公司
香港中央结算有限公司,兖州煤业股份有限公司
香港中央结算有限公司,宁波杉杉股份有限公司
香港中央结算有限公司,华夏银行股份有限公司
香港中央结算有限公司,金科地产集团股份有限公司
香港中央结算有限公司,浙江伟星新型建材股份有限公司
香港中央结算有限公司,江苏康缘药业股份有限公司
香港中央结算有限公司,安徽海螺水泥股份有限公司
香港中央结算有限公司,中国核工业建设股份有限公司
香港中央结算有限公司,中国核工业建设股份有限公司
香港中央结算有限公司,中国核工业建设股份有限公司
香港中央结算有限公司,招商局公路网络科技控股股份有限公司
香港中央结算有限公司,招商局公路网络科技控股股份有限公司
香港中央结算有限公司,深圳歌力思服饰股份有限公司
香港中央结算有限公司,中国核工业建设股份有限公司
香港中央结算有限公司,招商局公路网络科技控股股份有限公司
香港中央结算有限公司,招商局公路网络科技控股股份有限公司
香港中央结算有限公司,招商局公路网络科技控股股份有限公司
香港中央结算有限公司,中国核工业建设股份有限公司
香港中央结算有限公司,中国核工业建设股份有限公司
香港中央结算有限公司,招商局公路网络科技控股股份有限公司
香港中央结算有限公司,中国核工业建设股份有限公司
香港中央结算有限公司,招商局公路网络科技控股股份有限公司
香港中央结算有限公司,中国核工业建设股份有限公司
香港中央结算有限公司,招商局公路网络科技控股股份有限公司
香港中央结算有限公司,招商局公路网络科技控股股份有限公司
香港中央结算有限公司,招商局公路网络科技控股股份有限公司
香港中央结算有限公司,中国核工业建设股份有限公司
香港中央结算有限公司,中国核工业建设股份有限公司
香港中央结算有限公司,中国核工业建设股份有限公司
香港中央结算有限公司,招商局公路网络科技控股股份有限公司
香港中央结算有限公司,珠海格力电器股份有限公司
香港中央结算有限公司,TCL集团股份有限公司
香港中央结算有限公司,顺丰控股股份有限公司
香港中央结算有限公司,海信视像科技股份有限公司
香港中央结算有限公司,顺丰控股股份有限公司
香港中央结算有限公司,上海建工集团股份有限公司
香港中央结算有限公司,兴业证券股份有限公司
香港中央结算有限公司,广发证券股份有限公司
香港中央结算有限公司,顺丰控股股份有限公司
香港中央结算有限公司,北京首都开发股份有限公司
香港中央结算有限公司,中国中车股份有限公司
香港中央结算有限公司,顺丰控股股份有限公司
香港中央结算有限公司,宏发科技股份有限公司
香港中央结算有限公司,广西梧州中恒集团股份有限公司
香港中央结算有限公司,红塔证券股份有限公司
香港中央结算有限公司,中铁高新工业股份有限公司
香港中央结算有限公司,广东东阳光科技控股股份有限公司
香港中央结算有限公司,创元科技股份有限公司
中国成达工程有限公司,航天投资控股有限公司
宁波汇鑫投资有限公司,广东鸿图科技股份有限公司
南京栖霞建设股份有限公司,华远地产股份有限公司
南京栖霞建设股份有限公司,棕榈生态城镇发展股份有限公司
葛洲坝集团实业投资有限公司,国泰君安证券股份有限公司
美的集团股份有限公司,宁波美的联合物资供应有限公司
美的集团股份有限公司,佛山市美的材料供应有限公司
美的集团股份有限公司,广东美的商用空调设备有限公司
美的集团股份有限公司,合肥美的洗衣机有限公司
美的集团股份有限公司,广州华凌空调设备有限公司
美的集团股份有限公司,美的创新投资有限公司
美的集团股份有限公司,佛山市顺德区美的洗涤电器制造有限公司
美的集团股份有限公司,埃夫特智能装备股份有限公司
美的集团股份有限公司,广东美的暖通设备有限公司
美的集团股份有限公司,佛山市美的开利制冷设备有限公司
美的集团股份有限公司,佛山市美的空调工业投资有限公司
美的集团股份有限公司,宁波美安物流投资有限公司
美的集团股份有限公司,广东美芝精密制造有限公司
美的集团股份有限公司,广东美的电气有限公司
美的集团股份有限公司,安得智联科技股份有限公司
美的集团股份有限公司,广东美的微波炉制造有限公司
美的集团股份有限公司,广东美芝制冷设备有限公司
美的集团股份有限公司,广东美芝制冷设备有限公司
美的集团股份有限公司,皖江金融租赁股份有限公司
美的集团股份有限公司,广东美的制冷设备有限公司
美的集团股份有限公司,美智光电科技有限公司
美的集团股份有限公司,佛山市顺德区美的家电实业有限公司
申万宏源集团股份有限公司,上海证券交易所
招商局公路网络科技控股股份有限公司,江苏宁沪高速公路股份有限公司
招商局公路网络科技控股股份有限公司,黑龙江交通发展股份有限公司
招商局公路网络科技控股股份有限公司,现代投资股份有限公司
广东宝丽华新能源股份有限公司,国金证券股份有限公司
广东宝丽华新能源股份有限公司,国金证券股份有限公司
广东宝丽华新能源股份有限公司,贵州航天电器股份有限公司
江苏康缘药业股份有限公司,江苏恒瑞医药股份有限公司
佛山电器照明股份有限公司,中国光大银行股份有限公司
中航资本控股股份有限公司,国家军民融合产业投资基金有限责任公司
中航资本控股股份有限公司,中航重机股份有限公司
TCL科技集团股份有限公司,上海银行股份有限公司
TCL科技集团股份有限公司,深圳市瑞丰光电子股份有限公司
一汽实业总公司,一汽储运有限公司
国电电力发展股份有限公司,远光软件股份有限公司
国电电力发展股份有限公司,国电南瑞科技股份有限公司
上海元祖梦果子股份有限公司,山东元祖食品有限公司
上海元祖梦果子股份有限公司,成都元祖食品有限公司
西南证券股份有限公司,证通股份有限公司
江苏苏豪国际集团股份有限公司,华泰证券股份有限公司
财通证券股份有限公司,中信建投证券股份有限公司
财通证券股份有限公司,中证机构间报价系统股份有限公司
财通证券股份有限公司,慈文传媒股份有限公司
财通证券股份有限公司,吉林省艾斯克机电股份有限公司
佛山市美的空调工业投资有限公司,佛山市美的材料供应有限公司
佛山市美的空调工业投资有限公司,广州华凌空调设备有限公司
佛山市美的空调工业投资有限公司,美的创新投资有限公司
佛山市美的空调工业投资有限公司,广东美的暖通设备有限公司
广东威达医疗器械集团公司,盛达金属资源股份有限公司
大港油田集团有限责任公司,国泰君安证券股份有限公司
上海新上广经济发展有限公司,上海航天汽车机电股份有限公司
中国证券金融股份有限公司,安徽海螺水泥股份有限公司
中国证券金融股份有限公司,中国核工业建设股份有限公司
中国证券金融股份有限公司,中国核工业建设股份有限公司
中国证券金融股份有限公司,中国核工业建设股份有限公司
中国证券金融股份有限公司,中国核工业建设股份有限公司
中国证券金融股份有限公司,中国核工业建设股份有限公司
中国证券金融股份有限公司,中国核工业建设股份有限公司
中国证券金融股份有限公司,中国核工业建设股份有限公司
中国证券金融股份有限公司,中国核工业建设股份有限公司
中国证券金融股份有限公司,珠海格力电器股份有限公司
中国证券金融股份有限公司,TCL集团股份有限公司
中国证券金融股份有限公司,深圳广田集团股份有限公司
中国证券金融股份有限公司,上海百联集团股份有限公司
中国证券金融股份有限公司,招商证券股份有限公司
中国证券金融股份有限公司,安徽金种子酒业股份有限公司
中国证券金融股份有限公司,鹏起科技发展股份有限公司
中国证券金融股份有限公司,鹏起科技发展股份有限公司
中国证券金融股份有限公司,万科企业股份有限公司
中国证券金融股份有限公司,金陵药业股份有限公司
中国证券金融股份有限公司,上海外高桥集团股份有限公司
中国证券金融股份有限公司,申能股份有限公司
中国证券金融股份有限公司,中国工商银行股份有限公司
中国证券金融股份有限公司,创元科技股份有限公司
中国证券金融股份有限公司,中国农业银行股份有限公司
中国证券金融股份有限公司,中联重科股份有限公司
中国证券金融股份有限公司,中国西电电气股份有限公司
中国证券金融股份有限公司,上海新华传媒股份有限公司
中国证券金融股份有限公司,中国船舶工业股份有限公司
中国证券金融股份有限公司,上海凯宝药业股份有限公司
中国证券金融股份有限公司,国金证券股份有限公司
中国证券金融股份有限公司,安徽省皖能股份有限公司
中国证券金融股份有限公司,中国建设银行股份有限公司
中国证券金融股份有限公司,国泰君安证券股份有限公司
中国证券金融股份有限公司,北汽福田汽车股份有限公司
中国证券金融股份有限公司,成都博瑞传播股份有限公司
中国证券金融股份有限公司,泛海控股股份有限公司
中国证券金融股份有限公司,金融街控股股份有限公司
中国证券金融股份有限公司,聚龙股份有限公司
中国证券金融股份有限公司,北京燕京啤酒股份有限公司
中国证券金融股份有限公司,金鸿控股集团股份有限公司
中国证券金融股份有限公司,山西西山煤电股份有限公司
中国证券金融股份有限公司,天齐锂业股份有限公司
中国证券金融股份有限公司,东阿阿胶股份有限公司
中国证券金融股份有限公司,万向钱潮股份有限公司
中国证券金融股份有限公司,远光软件股份有限公司
中国证券金融股份有限公司,河北承德露露股份有限公司
中国证券金融股份有限公司,富奥汽车零部件股份有限公司
中国证券金融股份有限公司,云南白药集团股份有限公司
中国证券金融股份有限公司,华兰生物工程股份有限公司
中国证券金融股份有限公司,深圳市农产品集团股份有限公司
中国证券金融股份有限公司,新希望六和股份有限公司
中国证券金融股份有限公司,泸州老窖股份有限公司
中国证券金融股份有限公司,中石化石油机械股份有限公司
中国证券金融股份有限公司,康得新复合材料集团股份有限公司
中国证券金融股份有限公司,立讯精密工业股份有限公司
中国证券金融股份有限公司,新大陆数字技术股份有限公司
中国证券金融股份有限公司,新疆金风科技股份有限公司
中国证券金融股份有限公司,山东三维石化工程股份有限公司
中国证券金融股份有限公司,中天金融集团股份有限公司
中国证券金融股份有限公司,华远地产股份有限公司
中国证券金融股份有限公司,北京华业资本控股股份有限公司
中国证券金融股份有限公司,上海汽车集团股份有限公司
中国证券金融股份有限公司,东方通信股份有限公司
中国证券金融股份有限公司,华域汽车系统股份有限公司
中国证券金融股份有限公司,苏州纽威阀门股份有限公司
中国证券金融股份有限公司,浙江阳光照明电器集团股份有限公司
中国证券金融股份有限公司,上海电力股份有限公司
中国证券金融股份有限公司,江苏宏图高科技股份有限公司
中国证券金融股份有限公司,中国人寿保险股份有限公司
中国证券金融股份有限公司,大秦铁路股份有限公司
中国证券金融股份有限公司,上海金桥出口加工区开发股份有限公司
中国证券金融股份有限公司,安徽新华传媒股份有限公司
中国证券金融股份有限公司,大唐国际发电股份有限公司
中国证券金融股份有限公司,浙江浙能电力股份有限公司
中国证券金融股份有限公司,海尔智家股份有限公司
中国证券金融股份有限公司,交通银行股份有限公司
中国证券金融股份有限公司,中远海运控股股份有限公司
中国证券金融股份有限公司,中华企业股份有限公司
中国证券金融股份有限公司,中国东方航空股份有限公司
中国证券金融股份有限公司,中国南方航空股份有限公司
中国证券金融股份有限公司,金堆城钼业股份有限公司
中国证券金融股份有限公司,青岛啤酒股份有限公司
中国证券金融股份有限公司,国电电力发展股份有限公司
中国证券金融股份有限公司,中国神华能源股份有限公司
中国证券金融股份有限公司,广深铁路股份有限公司
中国证券金融股份有限公司,江西铜业股份有限公司
中国证券金融股份有限公司,日出东方控股股份有限公司
中国证券金融股份有限公司,紫金矿业集团股份有限公司
中国证券金融股份有限公司,山东南山铝业股份有限公司
中国证券金融股份有限公司,中国东方红卫星股份有限公司
中国证券金融股份有限公司,四川川投能源股份有限公司
中国证券金融股份有限公司,江西洪都航空工业股份有限公司
中国证券金融股份有限公司,文峰大世界连锁发展股份有限公司
中国证券金融股份有限公司,上海电气集团股份有限公司
中国证券金融股份有限公司,广东东阳光科技控股股份有限公司
中国证券金融股份有限公司,天津百利特精电气股份有限公司
中国证券金融股份有限公司,中国建筑股份有限公司
中国证券金融股份有限公司,五矿发展股份有限公司
中国证券金融股份有限公司,北京京运通科技股份有限公司
中国证券金融股份有限公司,中国冶金科工股份有限公司
中国证券金融股份有限公司,浙江康恩贝制药股份有限公司
中国证券金融股份有限公司,中国光大银行股份有限公司
中国证券金融股份有限公司,北京华胜天成科技股份有限公司
中国证券金融股份有限公司,三一重工股份有限公司
中国证券金融股份有限公司,维维食品饮料股份有限公司
中国证券金融股份有限公司,中国银行股份有限公司
中国证券金融股份有限公司,新华人寿保险股份有限公司
中国证券金融股份有限公司,中信银行股份有限公司
中国证券金融股份有限公司,内蒙古君正能源化工集团股份有限公司
中国证券金融股份有限公司,兴业证券股份有限公司
中国证券金融股份有限公司,北京四方继保自动化股份有限公司
中国证券金融股份有限公司,中国交通建设股份有限公司
中国证券金融股份有限公司,珠海华发实业股份有限公司
中国证券金融股份有限公司,光明乳业股份有限公司
中国证券金融股份有限公司,营口港务股份有限公司
中国证券金融股份有限公司,上海城投控股股份有限公司
中国证券金融股份有限公司,南京高科股份有限公司
中国证券金融股份有限公司,东风汽车股份有限公司
中国证券金融股份有限公司,上海世茂股份有限公司
中国证券金融股份有限公司,保利发展控股集团股份有限公司
中国证券金融股份有限公司,双良节能系统股份有限公司
中国证券金融股份有限公司,特变电工股份有限公司
中国证券金融股份有限公司,浙江中国小商品城集团股份有限公司
中国证券金融股份有限公司,中国中煤能源股份有限公司
中国证券金融股份有限公司,中国核能电力股份有限公司
中国证券金融股份有限公司,上海建工集团股份有限公司
中国证券金融股份有限公司,上海浦东路桥建设股份有限公司
中国证券金融股份有限公司,庞大汽贸集团股份有限公司
中国证券金融股份有限公司,华夏银行股份有限公司
中国证券金融股份有限公司,北京京能电力股份有限公司
中国证券金融股份有限公司,海通证券股份有限公司
中国证券金融股份有限公司,中航资本控股股份有限公司
中国证券金融股份有限公司,天津港股份有限公司
中国证券金融股份有限公司,深圳市燃气集团股份有限公司
中国证券金融股份有限公司,中国中车股份有限公司
中国证券金融股份有限公司,江苏悦达投资股份有限公司
中国证券金融股份有限公司,中国化学工程股份有限公司
中国证券金融股份有限公司,大连大福控股股份有限公司
中国证券金融股份有限公司,中国第一重型机械股份公司
中国证券金融股份有限公司,洲际油气股份有限公司
中国证券金融股份有限公司,浙江古越龙山绍兴酒股份有限公司
中国证券金融股份有限公司,中国铁建股份有限公司
中国证券金融股份有限公司,人福医药集团股份公司
中国证券金融股份有限公司,天津天药药业股份有限公司
中国证券金融股份有限公司,上海张江高科技园区开发股份有限公司
中国证券金融股份有限公司,河南大有能源股份有限公司
中国证券金融股份有限公司,华夏幸福基业股份有限公司
中国证券金融股份有限公司,时代出版传媒股份有限公司
中国证券金融股份有限公司,山西省国新能源股份有限公司
中国证券金融股份有限公司,中远海运发展股份有限公司
中国证券金融股份有限公司,金宇生物技术股份有限公司
中国证券金融股份有限公司,广州广日股份有限公司
中国证券金融股份有限公司,国药集团药业股份有限公司
中国证券金融股份有限公司,宝山钢铁股份有限公司
中国证券金融股份有限公司,重庆水务集团股份有限公司
中国证券金融股份有限公司,西安陕鼓动力股份有限公司
中国证券金融股份有限公司,新疆冠农果茸股份有限公司
中国证券金融股份有限公司,中国船舶重工股份有限公司
中国证券金融股份有限公司,江苏吴中实业股份有限公司
中国证券金融股份有限公司,江苏综艺股份有限公司
中国证券金融股份有限公司,郑州宇通客车股份有限公司
中国证券金融股份有限公司,哈药集团股份有限公司
中国证券金融股份有限公司,雅戈尔集团股份有限公司
中国证券金融股份有限公司,东方明珠新媒体股份有限公司
中国证券金融股份有限公司,四川东材科技集团股份有限公司
中国证券金融股份有限公司,南京银行股份有限公司
中国证券金融股份有限公司,光大证券股份有限公司
中国证券金融股份有限公司,安徽海螺水泥股份有限公司
中国证券金融股份有限公司,中信重工机械股份有限公司
中国证券金融股份有限公司,中国石化上海石油化工股份有限公司
中国证券金融股份有限公司,江苏中天科技股份有限公司
中国证券金融股份有限公司,中国西电电气股份有限公司
中国证券金融股份有限公司,宁波舟山港股份有限公司
中国证券金融股份有限公司,东方金钰股份有限公司
中国证券金融股份有限公司,恒生电子股份有限公司
中国证券金融股份有限公司,长城汽车股份有限公司
中国证券金融股份有限公司,中国葛洲坝集团股份有限公司
中国证券金融股份有限公司,太平洋证券股份有限公司
中国证券金融股份有限公司,广西梧州中恒集团股份有限公司
中国证券金融股份有限公司,山西通宝能源股份有限公司
中国证券金融股份有限公司,安徽金种子酒业股份有限公司
中国证券金融股份有限公司,中国银河证券股份有限公司
中国证券金融股份有限公司,上海国际机场股份有限公司
中国证券金融股份有限公司,太原重工股份有限公司
中国证券金融股份有限公司,美都能源股份有限公司
中国证券金融股份有限公司,山东黄金矿业股份有限公司
中国证券金融股份有限公司,中金黄金股份有限公司
中国证券金融股份有限公司,中信证券股份有限公司
中国证券金融股份有限公司,内蒙古蒙电华能热电股份有限公司
中国证券金融股份有限公司,贵州益佰制药股份有限公司
中国证券金融股份有限公司,际华集团股份有限公司
中国证券金融股份有限公司,人民网股份有限公司
中国证券金融股份有限公司,上海飞乐音响股份有限公司
中国证券金融股份有限公司,华泰证券股份有限公司
中国证券金融股份有限公司,国家电投集团远达环保股份有限公司
中国证券金融股份有限公司,中船海洋与防务装备股份有限公司
中国证券金融股份有限公司,海洋石油工程股份有限公司
中国证券金融股份有限公司,中南出版传媒集团股份有限公司
中国证券金融股份有限公司,北京歌华有线电视网络股份有限公司
中国证券金融股份有限公司,骆驼集团股份有限公司
中国证券金融股份有限公司,中国铝业股份有限公司
中国证券金融股份有限公司,北京首都开发股份有限公司
中国证券金融股份有限公司,国电南瑞科技股份有限公司
中国证券金融股份有限公司,新疆天富能源股份有限公司
中国证券金融股份有限公司,中国航发动力股份有限公司
中国证券金融股份有限公司,海信视像科技股份有限公司
中国证券金融股份有限公司,国网英大股份有限公司
中国证券金融股份有限公司,中远海运能源运输股份有限公司
中国证券金融股份有限公司,中储发展股份有限公司
中国证券金融股份有限公司,江苏亚邦染料股份有限公司
中国证券金融股份有限公司,梅花生物科技集团股份有限公司
中国证券金融股份有限公司,昆药集团股份有限公司
中国证券金融股份有限公司,中国核工业建设股份有限公司
中国证券金融股份有限公司,浙江东方金融控股集团股份有限公司
中国证券金融股份有限公司,苏州晶方半导体科技股份有限公司
中国证券金融股份有限公司,三安光电股份有限公司
中国证券金融股份有限公司,山煤国际能源集团股份有限公司
中国证券金融股份有限公司,安信信托股份有限公司
中国证券金融股份有限公司,湘潭电机股份有限公司
中国证券金融股份有限公司,华电国际电力股份有限公司
中国证券金融股份有限公司,金发科技股份有限公司
中国证券金融股份有限公司,贵州茅台酒股份有限公司
中国证券金融股份有限公司,中海油田服务股份有限公司
中国证券金融股份有限公司,江苏康缘药业股份有限公司
中国证券金融股份有限公司,中粮屯河糖业股份有限公司
中国证券金融股份有限公司,厦门钨业股份有限公司
中国证券金融股份有限公司,广州白云山医药集团股份有限公司
中国证券金融股份有限公司,江苏凤凰出版传媒股份有限公司
中国证券金融股份有限公司,广汇能源股份有限公司
中国证券金融股份有限公司,北方导航控制技术股份有限公司
中国证券金融股份有限公司,环旭电子股份有限公司
中国证券金融股份有限公司,天士力医药集团股份有限公司
中国证券金融股份有限公司,贵人鸟股份有限公司
中国证券金融股份有限公司,北京首创股份有限公司
中国证券金融股份有限公司,物产中大集团股份有限公司
中国证券金融股份有限公司,海南矿业股份有限公司
中国证券金融股份有限公司,西南证券股份有限公司
中国证券金融股份有限公司,山西潞安环保能源开发股份有限公司
中国证券金融股份有限公司,中国石油化工股份有限公司
中国证券金融股份有限公司,国机汽车股份有限公司
中国证券金融股份有限公司,江苏恒瑞医药股份有限公司
中国证券金融股份有限公司,中原大地传媒股份有限公司
中国证券金融股份有限公司,深圳华侨城股份有限公司
中国证券金融股份有限公司,美好置业集团股份有限公司
中国证券金融股份有限公司,中国有色金属建设股份有限公司
中国证券金融股份有限公司,攀钢集团钒钛资源股份有限公司
中国证券金融股份有限公司,江铃汽车股份有限公司
中国证券金融股份有限公司,中信海洋直升机股份有限公司
中国证券金融股份有限公司,国元证券股份有限公司
中国证券金融股份有限公司,华数传媒控股股份有限公司
中国证券金融股份有限公司,北京蓝色光标数据科技股份有限公司
中国证券金融股份有限公司,东北证券股份有限公司
中国证券金融股份有限公司,湖北能源集团股份有限公司
中国证券金融股份有限公司,徐工集团工程机械股份有限公司
中国证券金融股份有限公司,顺发恒业股份公司
中国证券金融股份有限公司,渤海租赁股份有限公司
中国证券金融股份有限公司,河北建投能源投资股份有限公司
中国证券金融股份有限公司,浙江华峰氨纶股份有限公司
中国证券金融股份有限公司,新华联文化旅游发展股份有限公司
中国证券金融股份有限公司,国海证券股份有限公司
中国证券金融股份有限公司,TCL科技集团股份有限公司
中国证券金融股份有限公司,烟台张裕葡萄酿酒股份有限公司
中国证券金融股份有限公司,宜宾五粮液股份有限公司
中国证券金融股份有限公司,吉林敖东药业集团股份有限公司
中国证券金融股份有限公司,北京神州泰岳软件股份有限公司
中国证券金融股份有限公司,苏州金螳螂建筑装饰股份有限公司
中国证券金融股份有限公司,中航飞机股份有限公司
中国证券金融股份有限公司,国信证券股份有限公司
中国证券金融股份有限公司,北大医药股份有限公司
中国证券金融股份有限公司,申万宏源集团股份有限公司
中国证券金融股份有限公司,广州市香雪制药股份有限公司
中国证券金融股份有限公司,深圳能源集团股份有限公司
中国证券金融股份有限公司,珠海格力电器股份有限公司
中国证券金融股份有限公司,深圳市尚荣医疗股份有限公司
中国证券金融股份有限公司,青海互助青稞酒股份有限公司
中国证券金融股份有限公司,江苏洋河酒厂股份有限公司
中国证券金融股份有限公司,奥瑞金科技股份有限公司
中国证券金融股份有限公司,上海科华生物工程股份有限公司
中国证券金融股份有限公司,浙江大华技术股份有限公司
中国证券金融股份有限公司,启迪环境科技发展股份有限公司
中国证券金融股份有限公司,深圳翰宇药业股份有限公司
中国证券金融股份有限公司,浙江核新同花顺网络信息股份有限公司
中国证券金融股份有限公司,许继电气股份有限公司
中国证券金融股份有限公司,北部湾港股份有限公司
中国证券金融股份有限公司,金洲慈航集团股份有限公司
中国证券金融股份有限公司,东华工程科技股份有限公司
中国证券金融股份有限公司,浙江亚厦装饰股份有限公司
中国证券金融股份有限公司,重庆长安汽车股份有限公司
中国证券金融股份有限公司,北京大北农科技集团股份有限公司
中国证券金融股份有限公司,广发证券股份有限公司
中国证券金融股份有限公司,京东方科技集团股份有限公司
中国证券金融股份有限公司,东华软件股份公司
中国证券金融股份有限公司,深圳市中金岭南有色金属股份有限公司
中国证券金融股份有限公司,大族激光科技产业集团股份有限公司
中国证券金融股份有限公司,平安银行股份有限公司
中国证券金融股份有限公司,河南双汇投资发展股份有限公司
中国证券金融股份有限公司,中山公用事业集团股份有限公司
中国证券金融股份有限公司,歌尔股份有限公司
中国证券金融股份有限公司,深圳华强实业股份有限公司
中国证券金融股份有限公司,华润三九医药股份有限公司
中国证券金融股份有限公司,美的集团股份有限公司
中国证券金融股份有限公司,青岛东软载波科技股份有限公司
中国证券金融股份有限公司,一汽解放集团股份有限公司
中国证券金融股份有限公司,中文天地出版传媒集团股份有限公司
中国证券金融股份有限公司,上海医药集团股份有限公司
中国证券金融股份有限公司,上海机电股份有限公司
中国证券金融股份有限公司,漳州片仔癀药业股份有限公司
中国证券金融股份有限公司,万华化学集团股份有限公司
中国证券金融股份有限公司,东方电气股份有限公司
中国证券金融股份有限公司,海越能源集团股份有限公司
中国证券金融股份有限公司,北京同仁堂股份有限公司
中国证券金融股份有限公司,新疆塔里木农业综合开发股份有限公司
中国证券金融股份有限公司,中国外运股份有限公司
中国证券金融股份有限公司,北京金隅集团股份有限公司
中国证券金融股份有限公司,四川长虹电器股份有限公司
中国证券金融股份有限公司,北京银行股份有限公司
中国证券金融股份有限公司,北京三元食品股份有限公司
中国证券金融股份有限公司,上海陆家嘴金融贸易区开发股份有限公司
中国证券金融股份有限公司,上海银行股份有限公司
中国证券金融股份有限公司,鲁泰纺织股份有限公司
中国证券金融股份有限公司,潍柴动力股份有限公司
中国证券金融股份有限公司,华电重工股份有限公司
中国证券金融股份有限公司,吉视传媒股份有限公司
中国证券金融股份有限公司,方正证券股份有限公司
中国证券金融股份有限公司,中国中铁股份有限公司
中国证券金融股份有限公司,航天长征化学工程股份有限公司
中国证券金融股份有限公司,航天信息股份有限公司
中国证券金融股份有限公司,中航航空电子系统股份有限公司
中国证券金融股份有限公司,黑龙江国中水务股份有限公司
中国证券金融股份有限公司,欧菲光集团股份有限公司
中国证券金融股份有限公司,中信银行股份有限公司
中国证券金融股份有限公司,光大证券股份有限公司
中国证券金融股份有限公司,潍柴动力股份有限公司
中国证券金融股份有限公司,光大证券股份有限公司
中国证券金融股份有限公司,梅花生物科技集团股份有限公司
中国证券金融股份有限公司,海通证券股份有限公司
中国证券金融股份有限公司,东方电气股份有限公司
中国证券金融股份有限公司,TCL集团股份有限公司
中国证券金融股份有限公司,中国南方航空股份有限公司
中国证券金融股份有限公司,上海汽车集团股份有限公司
中国证券金融股份有限公司,上海汽车集团股份有限公司
中国证券金融股份有限公司,中国石化上海石油化工股份有限公司
中国证券金融股份有限公司,中国工商银行股份有限公司
中国证券金融股份有限公司,浙江中国小商品城集团股份有限公司
中国证券金融股份有限公司,南京高科股份有限公司
中国证券金融股份有限公司,安徽海螺水泥股份有限公司
中国证券金融股份有限公司,中国核工业建设股份有限公司
中国证券金融股份有限公司,中国核工业建设股份有限公司
中国证券金融股份有限公司,中国核工业建设股份有限公司
一汽运输有限公司,一汽储运有限公司
云南铜业股份有限公司,深圳市中金岭南有色金属股份有限公司
上海证券交易所,中国证券金融股份有限公司
王府井集团股份有限公司,北京北辰实业股份有限公司
王府井集团股份有限公司,北京北辰实业股份有限公司
上海闽惠实业发展有限公司,上海元祖梦果子股份有限公司
青岛啤酒股份有限公司,华夏证券股份有限公司
上海大正投资有限公司,富士康工业互联网股份有限公司
海通证券股份有限公司,云南铜业股份有限公司
海通证券股份有限公司,北京聚能鼎力科技股份有限公司
海通证券股份有限公司,证通股份有限公司
海通证券股份有限公司,浙江新安化工集团股份有限公司
海通证券股份有限公司,中国交通建设股份有限公司
海通证券股份有限公司,安徽恒源煤电股份有限公司
海通证券股份有限公司,重庆百货大楼股份有限公司
海通证券股份有限公司,昆药集团股份有限公司
海通证券股份有限公司,旗天科技集团股份有限公司
海通证券股份有限公司,上海机电股份有限公司
海通证券股份有限公司,中海油田服务股份有限公司
海通证券股份有限公司,东港股份有限公司
海通证券股份有限公司,克明面业股份有限公司
海通证券股份有限公司,浙江大华技术股份有限公司
海通证券股份有限公司,珠海华发实业股份有限公司
海通证券股份有限公司,中证信用增进股份有限公司
江苏省农垦集团有限公司,云南西仪工业股份有限公司
武汉长江光电有限公司,云南西仪工业股份有限公司
河南省豫资保障房管理运营有限公司,棕榈生态城镇发展股份有限公司
天津祥龙企业管理有限公司,盛达金属资源股份有限公司
中国航天科工集团有限公司,航天云网科技发展有限责任公司
中国航天科工集团有限公司,航天科工资产管理有限公司
拉萨经济技术开发区永冠贸易有限公司,黑龙江国中水务股份有限公司
哈尔滨哈投投资股份有限公司,方正证券股份有限公司
中国长城工业集团有限公司,航天时代置业发展有限公司
中国长城工业集团有限公司,航天信息股份有限公司
中国长城工业集团有限公司,北京航天时代天盛物业管理有限公司
中国长城工业集团有限公司,航天投资控股有限公司
中国长城工业集团有限公司,四维高景卫星遥感有限公司
江苏舜天国际集团有限公司,华泰证券股份有限公司
金城集团有限公司,华泰证券股份有限公司
中国航发西安航空发动机有限公司,中国航发动力股份有限公司
天津泰达股份有限公司,国泰君安证券股份有限公司
天津泰达股份有限公司,国泰君安投资管理股份有限公司
沈阳电业局供用电工程承发包公司,国泰君安证券股份有限公司
昌吉州屯河建材工贸总公司,中粮屯河糖业股份有限公司
高要鸿图工业有限公司,广东鸿图科技股份有限公司
高要鸿图工业有限公司,广东鸿图科技股份有限公司
国华能源投资有限公司,华泰证券股份有限公司
常柴股份有限公司,北汽福田汽车股份有限公司
上海电气集团股份有限公司,上海电力股份有限公司
上海电气集团股份有限公司,华电国际电力股份有限公司
上海电气集团股份有限公司,上海机电股份有限公司
上海产权交易所,国泰君安证券股份有限公司
成都市万担商贸公司,国泰君安证券股份有限公司
中信证券股份有限公司,观典防务技术股份有限公司
中信证券股份有限公司,上海实业发展股份有限公司
中信证券股份有限公司,湖南尔康制药股份有限公司
中信证券股份有限公司,杭州海康威视数字技术股份有限公司
中信证券股份有限公司,中颖电子股份有限公司
中信证券股份有限公司,湖南南岭民用爆破器材股份有限公司
中信证券股份有限公司,中信建投证券股份有限公司
中信证券股份有限公司,北京宣爱智能模拟技术股份有限公司
中信证券股份有限公司,天地壹号饮料股份有限公司
中信证券股份有限公司,南方风机股份有限公司
中信证券股份有限公司,海通证券股份有限公司
中信证券股份有限公司,北京北辰实业股份有限公司
中信证券股份有限公司,深圳市惠程信息科技股份有限公司
中信证券股份有限公司,深圳市隆利科技股份有限公司
中信证券股份有限公司,深圳市容大感光科技股份有限公司
中信证券股份有限公司,温州宏丰电工合金股份有限公司
中信证券股份有限公司,宁波杉杉股份有限公司
中信证券股份有限公司,上海元祖梦果子股份有限公司
中信证券股份有限公司,中信建投证券股份有限公司
中信证券股份有限公司,中信建投证券股份有限公司
中信证券股份有限公司,牧原食品股份有限公司
中信证券股份有限公司,国泰君安证券股份有限公司
中信证券股份有限公司,深圳市京泉华科技股份有限公司
中信证券股份有限公司,新希望六和股份有限公司
中信证券股份有限公司,广东骏亚电子科技股份有限公司
中信证券股份有限公司,大禹节水集团股份有限公司
中信证券股份有限公司,海洋王照明科技股份有限公司
中信证券股份有限公司,上海汇得科技股份有限公司
中信证券股份有限公司,唐山三友化工股份有限公司
中信证券股份有限公司,厦门三五互联科技股份有限公司
中信证券股份有限公司,宝塔实业股份有限公司
中信证券股份有限公司,平顶山天安煤业股份有限公司
中信证券股份有限公司,苏州赛腾精密电子股份有限公司
中信证券股份有限公司,恒锋信息科技股份有限公司
中信证券股份有限公司,浙江三花智能控制股份有限公司
中信证券股份有限公司,江苏华西村股份有限公司
中信证券股份有限公司,上海翔港包装科技股份有限公司
中信证券股份有限公司,北京北摩高科摩擦材料股份有限公司
浙江上峰建材有限公司,江西万年青水泥股份有限公司
浙江上峰建材有限公司,甘肃祁连山水泥集团股份有限公司
浙江上峰建材有限公司,新疆天山水泥股份有限公司
安徽省皖能股份有限公司,安徽省天然气开发股份有限公司
安徽省皖能股份有限公司,国元证券股份有限公司
贵州乌江能源投资有限公司,中国航发动力股份有限公司
贵州乌江能源投资有限公司,贵州黔源电力股份有限公司
华泰证券股份有限公司,华泰期货有限公司
华泰证券股份有限公司,深圳市锦瑞新材料股份有限公司
华泰证券股份有限公司,信泰证券有限责任公司
华泰证券股份有限公司,北京华业资本控股股份有限公司
华泰证券股份有限公司,江苏银行股份有限公司
华泰证券股份有限公司,广东东阳光科技控股股份有限公司
华泰证券股份有限公司,盛屯矿业集团股份有限公司
华泰证券股份有限公司,江苏宝美户外用品股份有限公司
华泰证券股份有限公司,江苏欧佩日化股份有限公司
华泰证券股份有限公司,广州丰江电池新技术股份有限公司
华泰证券股份有限公司,大业创智互动传媒股份有限公司
华泰证券股份有限公司,广东依顿电子科技股份有限公司
华泰证券股份有限公司,深圳市兆新能源股份有限公司
华泰证券股份有限公司,华泰证券股份有限公司深圳益田路证券营业部
华泰证券股份有限公司,北京电旗通讯技术股份有限公司
华泰证券股份有限公司,成都市路桥工程股份有限公司
华泰证券股份有限公司,汉嘉设计集团股份有限公司
华泰证券股份有限公司,震安科技股份有限公司
华泰证券股份有限公司,北京利德曼生化股份有限公司
华泰证券股份有限公司,青岛汇金通电力设备股份有限公司
华泰证券股份有限公司,证通股份有限公司
华泰证券股份有限公司,广东省高速公路发展股份有限公司
华泰证券股份有限公司,通化东宝药业股份有限公司
华泰证券股份有限公司,北京北辰实业股份有限公司
华泰证券股份有限公司,南京奥派信息产业股份公司
华泰证券股份有限公司,辽宁福鞍重工股份有限公司
华泰证券股份有限公司,南宁百货大楼股份有限公司
华泰证券股份有限公司,新疆天山畜牧生物工程股份有限公司
华泰证券股份有限公司,大禹节水集团股份有限公司
华泰证券股份有限公司,上海航天汽车机电股份有限公司
华泰证券股份有限公司,广东省高速公路发展股份有限公司
华泰证券股份有限公司,青岛伟隆阀门股份有限公司
华泰证券股份有限公司,深圳科瑞技术股份有限公司
华泰证券股份有限公司,西安三角防务股份有限公司
华泰证券股份有限公司,上海汇得科技股份有限公司
华泰证券股份有限公司,雄安科融环境科技股份有限公司
华泰证券股份有限公司,上海华虹计通智能系统股份有限公司
华泰证券股份有限公司,美格智能技术股份有限公司
华泰证券股份有限公司,恒锋信息科技股份有限公司
华泰证券股份有限公司,江苏华信新材料股份有限公司
华泰证券股份有限公司,青岛鼎信通讯股份有限公司
华泰证券股份有限公司,浙江德创环保科技股份有限公司
华泰证券股份有限公司,苏州龙杰特种纤维股份有限公司
华泰证券股份有限公司,江苏国茂减速机股份有限公司
华泰证券股份有限公司,广东德生科技股份有限公司
华泰证券股份有限公司,江苏通光电子线缆股份有限公司
华泰证券股份有限公司,四川德恩精工科技股份有限公司
华泰证券股份有限公司,广州惠威电声科技股份有限公司
华泰证券股份有限公司,亚振家居股份有限公司
华泰证券股份有限公司,中源家居股份有限公司
华泰证券股份有限公司,华达汽车科技股份有限公司
华泰证券股份有限公司,上海沃施园艺股份有限公司
华泰证券股份有限公司,江苏神马电力股份有限公司
华泰证券股份有限公司,明阳智慧能源集团股份公司
华泰证券股份有限公司,广东联泰环保股份有限公司
华泰证券股份有限公司,红塔证券股份有限公司
华泰证券股份有限公司,福建海峡环保集团股份有限公司
华泰证券股份有限公司,绿康生化股份有限公司
华泰证券股份有限公司,东莞捷荣技术股份有限公司
华泰证券股份有限公司,深圳市智动力精密技术股份有限公司
华泰证券股份有限公司,华泰柏瑞基金管理有限公司
华泰证券股份有限公司,南华期货股份有限公司
华泰证券股份有限公司,神宇通信科技股份公司
华泰证券股份有限公司,深圳同兴达科技股份有限公司
华泰证券股份有限公司,伊戈尔电气股份有限公司
华泰证券股份有限公司,河南太龙药业股份有限公司
华泰证券股份有限公司,深圳市京泉华科技股份有限公司
华泰证券股份有限公司,无锡隆盛科技股份有限公司
华泰证券股份有限公司,亚普汽车部件股份有限公司
华泰证券股份有限公司,上海力盛赛车文化股份有限公司
华泰证券股份有限公司,四川汇源光通信股份有限公司
华泰证券股份有限公司,广东骏亚电子科技股份有限公司
华泰证券股份有限公司,惠州中京电子科技股份有限公司
华泰证券股份有限公司,上海纳尔实业股份有限公司
华泰证券股份有限公司,深圳科安达电子科技股份有限公司
华泰证券股份有限公司,中科软科技股份有限公司
华泰证券股份有限公司,江阴电工合金股份有限公司
华泰证券股份有限公司,深圳市锐明技术股份有限公司
华泰证券股份有限公司,钢研纳克检测技术股份有限公司
华泰证券股份有限公司,浙江天台祥和实业股份有限公司
华泰证券股份有限公司,江苏怡达化学股份有限公司
华泰证券股份有限公司,江苏新日电动车股份有限公司
华泰证券股份有限公司,宁夏建材集团股份有限公司
华泰证券股份有限公司,深圳市同为数码科技股份有限公司
华泰证券股份有限公司,厦门光莆电子股份有限公司
华泰证券股份有限公司,宁波GQY视讯股份有限公司
华泰证券股份有限公司,南通海星电子股份有限公司
华泰证券股份有限公司,侨银环保科技股份有限公司
华泰证券股份有限公司,金龙羽集团股份有限公司
华泰证券股份有限公司,重庆渝开发股份有限公司
华泰证券股份有限公司,深圳市铂科新材料股份有限公司
华泰证券股份有限公司,宝塔实业股份有限公司
华泰证券股份有限公司,北京百华悦邦科技股份有限公司
华泰证券股份有限公司,江苏博信投资控股股份有限公司
华泰证券股份有限公司,宁波圣龙汽车动力系统股份有限公司
华泰证券股份有限公司,苏州赛腾精密电子股份有限公司
华泰证券股份有限公司,日播时尚集团股份有限公司
华泰证券股份有限公司,深圳市瑞凌实业股份有限公司
华泰证券股份有限公司,深圳明阳电路科技股份有限公司
华泰证券股份有限公司,湖北和远气体股份有限公司
华泰证券股份有限公司,杭州天地数码科技股份有限公司
华泰证券股份有限公司,深圳市安奈儿股份有限公司
华泰证券股份有限公司,有友食品股份有限公司
华泰证券股份有限公司,宁波天龙电子股份有限公司
华泰证券股份有限公司,石家庄科林电气股份有限公司
华泰证券股份有限公司,金华春光橡塑科技股份有限公司
华泰证券股份有限公司,上海至正道化高分子材料股份有限公司
华泰证券股份有限公司,中曼石油天然气集团股份有限公司
华泰证券股份有限公司,深圳市容大感光科技股份有限公司
华泰证券股份有限公司,天津天保基建股份有限公司
华泰证券股份有限公司,佳禾智能科技股份有限公司
华泰证券股份有限公司,广东因赛品牌营销集团股份有限公司
华泰证券股份有限公司,浙江米奥兰特商务会展股份有限公司
华泰证券股份有限公司,神驰机电股份有限公司
华泰证券股份有限公司,上海元祖梦果子股份有限公司
华泰证券股份有限公司,浙江长城电工科技股份有限公司
华泰证券股份有限公司,武汉明德生物科技股份有限公司
华泰证券股份有限公司,重庆正川医药包装材料股份有限公司
华泰证券股份有限公司,上海雅仕投资发展股份有限公司
华泰证券股份有限公司,居然之家新零售集团股份有限公司
华泰证券股份有限公司,名臣健康用品股份有限公司
华泰证券股份有限公司,深圳市隆利科技股份有限公司
华泰证券股份有限公司,邦讯技术股份有限公司
华泰证券股份有限公司,福达合金材料股份有限公司
华泰证券股份有限公司,上海翔港包装科技股份有限公司
华泰证券股份有限公司,中国卫通集团股份有限公司
华泰证券股份有限公司,福建阿石创新材料股份有限公司
华泰证券股份有限公司,北京北摩高科摩擦材料股份有限公司
华泰证券股份有限公司,江苏东华测试技术股份有限公司
上海财通资产管理有限公司,中证机构间报价系统股份有限公司
招商局公路网络科技控股股份有限公司,江苏宁沪高速公路股份有限公司
招商局公路网络科技控股股份有限公司,江苏宁沪高速公路股份有限公司
中国华融资产管理股份有限公司,中国航发动力控制股份有限公司
中国华融资产管理股份有限公司,丽珠医药集团股份有限公司
中国华融资产管理股份有限公司,哈尔滨哈投投资股份有限公司
中国华融资产管理股份有限公司,中国第一重型机械股份公司
中国华融资产管理股份有限公司,河南大有能源股份有限公司
中国华融资产管理股份有限公司,中国船舶重工股份有限公司
中国华融资产管理股份有限公司,中国西电电气股份有限公司
中国华融资产管理股份有限公司,中国航发动力股份有限公司
中国华融资产管理股份有限公司,中航重机股份有限公司
中国华融资产管理股份有限公司,杭州制氧机集团股份有限公司
中国华融资产管理股份有限公司,中节能环保装备股份有限公司
中国华融资产管理股份有限公司,包头东宝生物技术股份有限公司
中国华融资产管理股份有限公司,深圳翰宇药业股份有限公司
中国华融资产管理股份有限公司,迪安诊断技术集团股份有限公司
中国华融资产管理股份有限公司,兰州红古祁连山水泥股份有限公司
中国华融资产管理股份有限公司,中粮屯河糖业股份有限公司
中国华融资产管理股份有限公司,湖北兴发化工集团股份有限公司
中国华融资产管理股份有限公司,北京康拓红外技术股份有限公司
中国华融资产管理股份有限公司,中国西电电气股份有限公司
天津泰达投资控股有限公司,渤海水业股份有限公司
天津泰达投资控股有限公司,天津泰达股份有限公司
天津泰达投资控股有限公司,国泰君安证券股份有限公司
天津泰达投资控股有限公司,天津泰达股份有限公司
天津泰达投资控股有限公司,顺利办信息服务股份有限公司
中国航天科工集团有限公司,国家军民融合产业投资基金有限责任公司
中国航天科工集团有限公司,航天晨光股份有限公司
中国航天科工集团有限公司,航天信息股份有限公司
中国航天科工集团有限公司,北京航天长峰股份有限公司
中国航天科工集团有限公司,航天科工资产管理有限公司
广东风华高新科技股份有限公司,长春奥普光电技术股份有限公司
浙江新安化工集团股份有限公司,方正证券股份有限公司
山东省国有资产投资控股有限公司,广州普邦园林股份有限公司
山东省国有资产投资控股有限公司,烟台正海磁性材料股份有限公司
山东省国有资产投资控股有限公司,汤臣倍健股份有限公司
山东省国有资产投资控股有限公司,山东黄金矿业股份有限公司
山东省国有资产投资控股有限公司,潍柴重机股份有限公司
山东省国有资产投资控股有限公司,山东新华医疗器械股份有限公司
山东省国有资产投资控股有限公司,湖南湘佳牧业股份有限公司
浙江龙盛集团股份有限公司,滨化集团股份有限公司
江苏宏图高科技股份有限公司,江苏银行股份有限公司
江苏宏图高科技股份有限公司,华泰证券股份有限公司
中兴通讯股份有限公司,航天投资控股有限公司
元祖联合国际有限公司,上海元祖梦果子股份有限公司
云南西仪工业股份有限公司,云南西南仪器厂劳动服务公司
招商证券股份有限公司,深圳市锦瑞新材料股份有限公司
招商证券股份有限公司,北方导航控制技术股份有限公司
招商证券股份有限公司,北方光电股份有限公司
招商证券股份有限公司,天地壹号饮料股份有限公司
招商证券股份有限公司,证通股份有限公司
招商证券股份有限公司,深圳市铁汉生态环境股份有限公司
招商证券股份有限公司,马鞍山钢铁股份有限公司
招商证券股份有限公司,中信建投证券股份有限公司
招商证券股份有限公司,东方集团股份有限公司
广东省科技创业投资有限公司,广东鸿图科技股份有限公司
北京钢研高纳科技股份有限公司,钢研大慧投资有限公司
北京钢研高纳科技股份有限公司,河北钢研德凯科技有限公司
北京钢研高纳科技股份有限公司,青岛新力通工业有限责任公司
上海国有资产经营有限公司,国泰君安证券股份有限公司
安信信托股份有限公司,印纪娱乐传媒股份有限公司
南方工业资产管理有限责任公司,云南西仪工业股份有限公司
南方工业资产管理有限责任公司,中粮资本控股股份有限公司
南方工业资产管理有限责任公司,国华军民融合产业发展基金管理有限公司
南方工业资产管理有限责任公司,江苏银河电子股份有限公司
南方工业资产管理有限责任公司,中光学集团股份有限公司
上海新江机器有限公司,上海新东蒸发器有限公司
大通证券股份有限公司,黑龙江国中水务股份有限公司
大通证券股份有限公司,武汉三镇实业控股股份有限公司
大通证券股份有限公司,成都市兴蓉环境股份有限公司
大通证券股份有限公司,中原环保股份有限公司
杭州市金融投资集团有限公司,国泰君安证券股份有限公司
杭州市金融投资集团有限公司,深圳海联讯科技股份有限公司
天津环球磁卡股份有限公司,中国光大银行股份有限公司
天津环球磁卡股份有限公司,国泰君安证券股份有限公司
中信建投证券股份有限公司,安徽创晟投资有限公司
中信建投证券股份有限公司,观典防务技术股份有限公司
中信建投证券股份有限公司,证通股份有限公司
中信建投证券股份有限公司,中信建投基金管理有限公司
中信建投证券股份有限公司,中信建投资本管理有限公司
中信建投证券股份有限公司,顺利办信息服务股份有限公司
中信建投证券股份有限公司,嘉事堂药业股份有限公司
中信建投证券股份有限公司,松德智慧装备股份有限公司
中信建投证券股份有限公司,中光学集团股份有限公司
中信建投证券股份有限公司,江苏精研科技股份有限公司
中信建投证券股份有限公司,蒙娜丽莎集团股份有限公司
中信建投证券股份有限公司,通源石油科技集团股份有限公司
中信建投证券股份有限公司,中信出版集团股份有限公司
中信建投证券股份有限公司,湖南汉森制药股份有限公司
中信建投证券股份有限公司,深圳顺络电子股份有限公司
中信建投证券股份有限公司,鞍山森远路桥股份有限公司
中信建投证券股份有限公司,江苏爱康科技股份有限公司
中信建投证券股份有限公司,北方导航控制技术股份有限公司
中信建投证券股份有限公司,成都燃气集团股份有限公司
中信建投证券股份有限公司,北方光电股份有限公司
中信建投证券股份有限公司,宁波海运股份有限公司
中信建投证券股份有限公司,广州白云电器设备股份有限公司
中信建投证券股份有限公司,北方导航控制技术股份有限公司
中信建投证券股份有限公司,今创集团股份有限公司
中信建投证券股份有限公司,长春奥普光电技术股份有限公司
中信建投证券股份有限公司,宁波杉杉股份有限公司
中信建投证券股份有限公司,中信出版集团股份有限公司
中信建投证券股份有限公司,东莞宜安科技股份有限公司
中信建投证券股份有限公司,四川科伦药业股份有限公司
中信建投证券股份有限公司,深圳王子新材料股份有限公司
中信建投证券股份有限公司,孚日集团股份有限公司
中信建投证券股份有限公司,中信国安信息产业股份有限公司
中信建投证券股份有限公司,湖南汉森制药股份有限公司
中信建投证券股份有限公司,深圳市广和通无线股份有限公司
中信建投证券股份有限公司,江苏爱康科技股份有限公司
中信建投证券股份有限公司,顺利办信息服务股份有限公司
中信建投证券股份有限公司,嘉事堂药业股份有限公司
中信建投证券股份有限公司,鞍山森远路桥股份有限公司
中信建投证券股份有限公司,常州强力电子新材料股份有限公司
中信建投证券股份有限公司,东华能源股份有限公司
中信建投证券股份有限公司,通源石油科技集团股份有限公司
中信建投证券股份有限公司,探路者控股集团股份有限公司
中信建投证券股份有限公司,成都三泰控股集团股份有限公司
中信建投证券股份有限公司,深圳市铁汉生态环境股份有限公司
中信建投证券股份有限公司,中光学集团股份有限公司
中信建投证券股份有限公司,蒙娜丽莎集团股份有限公司
中信建投证券股份有限公司,深圳顺络电子股份有限公司
中信建投证券股份有限公司,松德智慧装备股份有限公司
中信建投证券股份有限公司,江西正邦科技股份有限公司
中信建投证券股份有限公司,山东东岳有机硅材料股份有限公司
中信建投证券股份有限公司,江苏精研科技股份有限公司
中信建投证券股份有限公司,南国置业股份有限公司
中信建投证券股份有限公司,上海航天汽车机电股份有限公司
中信建投证券股份有限公司,北京国联视讯信息技术股份有限公司
中信建投证券股份有限公司,浙江富润股份有限公司
中信建投证券股份有限公司,浙江台华新材料股份有限公司
中信建投证券股份有限公司,中国卫通集团股份有限公司
中信建投证券股份有限公司,卓郎智能技术股份有限公司
中信建投证券股份有限公司,重庆三峰环境集团股份有限公司
中信建投证券股份有限公司,山东博安智能科技股份有限公司
广东省高速公路发展股份有限公司,华夏证券股份有限公司
广东省高速公路发展股份有限公司,国元证券股份有限公司
海澜集团有限公司,江苏爱康科技股份有限公司
海澜集团有限公司,新疆八一钢铁股份有限公司
海澜集团有限公司,华泰证券股份有限公司
浙江浙能电力股份有限公司,中国核能电力股份有限公司
烟台市金茂矿业有限公司,山东黄金矿业股份有限公司
开发金融服务有限公司,中开金资产管理有限公司
深圳市东金新材料创业投资有限公司,北京钢研高纳科技股份有限公司
江苏交通控股有限公司,江苏宁沪高速公路股份有限公司
江苏交通控股有限公司,华泰证券股份有限公司
江苏交通控股有限公司,华夏银行股份有限公司
江苏交通控股有限公司,江苏宁沪高速公路股份有限公司
江苏交通控股有限公司,江苏宁沪高速公路股份有限公司
方正证券股份有限公司,明阳智慧能源集团股份公司
上海百联集团股份有限公司,海通证券股份有限公司
上海百联集团股份有限公司,海通证券股份有限公司
中国高新投资集团公司,国泰君安证券股份有限公司
中国高新投资集团公司,国泰君安投资管理股份有限公司
中国高新投资集团公司,内蒙古福瑞医疗科技股份有限公司
